-- MySQL dump 10.13  Distrib 8.0.46, for Win64 (x86_64)
--
-- Host: localhost    Database: ecommerce_grupo7
-- ------------------------------------------------------
-- Server version	8.0.46

/*!40101 SET @OLD_CHARACTER_SET_CLIENT=@@CHARACTER_SET_CLIENT */;
/*!40101 SET @OLD_CHARACTER_SET_RESULTS=@@CHARACTER_SET_RESULTS */;
/*!40101 SET @OLD_COLLATION_CONNECTION=@@COLLATION_CONNECTION */;
/*!50503 SET NAMES utf8mb4 */;
/*!40103 SET @OLD_TIME_ZONE=@@TIME_ZONE */;
/*!40103 SET TIME_ZONE='+00:00' */;
/*!40014 SET @OLD_UNIQUE_CHECKS=@@UNIQUE_CHECKS, UNIQUE_CHECKS=0 */;
/*!40014 SET @OLD_FOREIGN_KEY_CHECKS=@@FOREIGN_KEY_CHECKS, FOREIGN_KEY_CHECKS=0 */;
/*!40101 SET @OLD_SQL_MODE=@@SQL_MODE, SQL_MODE='NO_AUTO_VALUE_ON_ZERO' */;
/*!40111 SET @OLD_SQL_NOTES=@@SQL_NOTES, SQL_NOTES=0 */;

--
-- Table structure for table `categorias`
--

DROP TABLE IF EXISTS `categorias`;
/*!40101 SET @saved_cs_client     = @@character_set_client */;
/*!50503 SET character_set_client = utf8mb4 */;
CREATE TABLE `categorias` (
  `id` bigint unsigned NOT NULL AUTO_INCREMENT,
  `parent_id` bigint unsigned DEFAULT NULL,
  `nombre` varchar(100) COLLATE utf8mb4_unicode_ci NOT NULL,
  `icono` varchar(255) COLLATE utf8mb4_unicode_ci DEFAULT NULL,
  `pide_talle` tinyint(1) NOT NULL DEFAULT '1',
  `pide_color` tinyint(1) NOT NULL DEFAULT '1',
  `created_at` timestamp NULL DEFAULT NULL,
  `updated_at` timestamp NULL DEFAULT NULL,
  `deleted_at` timestamp NULL DEFAULT NULL,
  PRIMARY KEY (`id`),
  KEY `categorias_parent_id_foreign` (`parent_id`),
  CONSTRAINT `categorias_parent_id_foreign` FOREIGN KEY (`parent_id`) REFERENCES `categorias` (`id`) ON DELETE CASCADE
) ENGINE=InnoDB AUTO_INCREMENT=13 DEFAULT CHARSET=utf8mb4 COLLATE=utf8mb4_unicode_ci;
/*!40101 SET character_set_client = @saved_cs_client */;

--
-- Dumping data for table `categorias`
--

LOCK TABLES `categorias` WRITE;
/*!40000 ALTER TABLE `categorias` DISABLE KEYS */;
INSERT INTO `categorias` VALUES (1,NULL,'ropa',NULL,1,1,'2026-06-17 21:45:49','2026-06-17 21:45:49',NULL),(2,NULL,'accesorios',NULL,1,1,'2026-06-17 21:45:49','2026-06-17 21:45:49',NULL),(3,1,'buzos',NULL,1,1,'2026-06-17 21:45:49','2026-06-17 21:45:49',NULL),(4,1,'sueteres',NULL,1,1,'2026-06-17 21:45:49','2026-06-17 21:45:49',NULL),(5,1,'pecheras',NULL,1,1,'2026-06-17 21:45:49','2026-06-17 21:45:49',NULL),(6,1,'pilotos',NULL,1,1,'2026-06-17 21:45:49','2026-06-17 21:45:49',NULL),(7,1,'camisetas',NULL,1,1,'2026-06-17 21:45:49','2026-06-17 21:45:49',NULL),(8,1,'pijamas',NULL,1,1,'2026-06-17 21:45:49','2026-06-17 21:45:49',NULL),(9,2,'juguetes',NULL,1,1,'2026-06-17 21:45:49','2026-06-17 21:45:49',NULL),(10,2,'correas',NULL,1,1,'2026-06-17 21:45:49','2026-06-17 21:45:49',NULL),(11,2,'arneces',NULL,1,1,'2026-06-17 21:45:49','2026-06-17 21:45:49',NULL),(12,2,'camas',NULL,1,1,'2026-06-17 21:45:49','2026-06-17 21:45:49',NULL);
/*!40000 ALTER TABLE `categorias` ENABLE KEYS */;
UNLOCK TABLES;

--
-- Table structure for table `colecciones`
--

DROP TABLE IF EXISTS `colecciones`;
/*!40101 SET @saved_cs_client     = @@character_set_client */;
/*!50503 SET character_set_client = utf8mb4 */;
CREATE TABLE `colecciones` (
  `id` bigint unsigned NOT NULL AUTO_INCREMENT,
  `nombre` varchar(100) COLLATE utf8mb4_unicode_ci NOT NULL,
  `descripcion` text COLLATE utf8mb4_unicode_ci,
  `url_imagen` varchar(255) COLLATE utf8mb4_unicode_ci DEFAULT NULL,
  `created_at` timestamp NULL DEFAULT NULL,
  `updated_at` timestamp NULL DEFAULT NULL,
  `deleted_at` timestamp NULL DEFAULT NULL,
  PRIMARY KEY (`id`)
) ENGINE=InnoDB AUTO_INCREMENT=7 DEFAULT CHARSET=utf8mb4 COLLATE=utf8mb4_unicode_ci;
/*!40101 SET character_set_client = @saved_cs_client */;

--
-- Dumping data for table `colecciones`
--

LOCK TABLES `colecciones` WRITE;
/*!40000 ALTER TABLE `colecciones` DISABLE KEYS */;
INSERT INTO `colecciones` VALUES (1,'Clásicos','Diseños atemporales y cómodos que nunca pasan de moda.','https://images.unsplash.com/photo-1541599540903-216a46ca1ad0?w=600','2026-06-17 21:45:50','2026-06-17 21:45:50',NULL),(2,'Invierno','Prendas súper abrigadas diseñadas para proteger a tu mascota del frío más extremo.','https://images.unsplash.com/photo-1516734212186-a967f81ad0d7?w=600','2026-06-17 21:45:50','2026-06-17 21:45:50',NULL),(3,'Primavera','Colores vibrantes y telas livianas ideales para pasear en días templados.','https://images.unsplash.com/photo-1522008622779-a550eb13e29e?w=600','2026-06-17 21:45:50','2026-06-17 21:45:50',NULL),(4,'Picnic','Accesorios y ropa divertidos, perfectos para disfrutar una tarde al aire libre.','https://images.unsplash.com/photo-1596492784531-6e6eb5ea9993?w=600','2026-06-17 21:45:50','2026-06-17 21:45:50',NULL),(5,'Esenciales','Los productos básicos e indispensables que toda mascota necesita para su día a día.','https://images.unsplash.com/photo-1583511655857-d19b40a7a54e?w=600','2026-06-17 21:45:50','2026-06-17 21:45:50',NULL),(6,'Nuevos','Últimos lanzamientos y tendencias en moda y confort animal.','https://images.unsplash.com/photo-1535930891776-0c2dfb7fda1a?w=600','2026-06-17 21:45:50','2026-06-17 21:45:50',NULL);
/*!40000 ALTER TABLE `colecciones` ENABLE KEYS */;
UNLOCK TABLES;

--
-- Table structure for table `colores`
--

DROP TABLE IF EXISTS `colores`;
/*!40101 SET @saved_cs_client     = @@character_set_client */;
/*!50503 SET character_set_client = utf8mb4 */;
CREATE TABLE `colores` (
  `id` bigint unsigned NOT NULL AUTO_INCREMENT,
  `nombre` varchar(50) COLLATE utf8mb4_unicode_ci NOT NULL,
  `hex_code` varchar(9) COLLATE utf8mb4_unicode_ci NOT NULL,
  `created_at` timestamp NULL DEFAULT NULL,
  `updated_at` timestamp NULL DEFAULT NULL,
  PRIMARY KEY (`id`)
) ENGINE=InnoDB AUTO_INCREMENT=12 DEFAULT CHARSET=utf8mb4 COLLATE=utf8mb4_unicode_ci;
/*!40101 SET character_set_client = @saved_cs_client */;

--
-- Dumping data for table `colores`
--

LOCK TABLES `colores` WRITE;
/*!40000 ALTER TABLE `colores` DISABLE KEYS */;
INSERT INTO `colores` VALUES (1,'Rojo','#E63946','2026-06-17 21:45:50','2026-06-17 21:45:50'),(2,'Azul','#051cebff','2026-06-17 21:45:50','2026-06-17 21:45:50'),(3,'Verde','#2fbe538f','2026-06-17 21:45:50','2026-06-17 21:45:50'),(4,'Amarillo','#FFD166','2026-06-17 21:45:50','2026-06-17 21:45:50'),(5,'Rosa','#FFB3C6','2026-06-17 21:45:50','2026-06-17 21:45:50'),(6,'Negro','#000000ff','2026-06-17 21:45:50','2026-06-17 21:45:50'),(7,'Blanco','#FFFFFF','2026-06-17 21:45:50','2026-06-17 21:45:50'),(8,'Gris','#9292926c','2026-06-17 21:45:50','2026-06-17 21:45:50'),(9,'Naranja','#F4A261','2026-06-17 21:45:50','2026-06-17 21:45:50'),(10,'Violeta','#9D4EDD','2026-06-17 21:45:50','2026-06-17 21:45:50'),(11,'Único','#CCCCCC','2026-06-17 21:45:50','2026-06-17 21:45:50');
/*!40000 ALTER TABLE `colores` ENABLE KEYS */;
UNLOCK TABLES;

--
-- Table structure for table `consultas`
--

DROP TABLE IF EXISTS `consultas`;
/*!40101 SET @saved_cs_client     = @@character_set_client */;
/*!50503 SET character_set_client = utf8mb4 */;
CREATE TABLE `consultas` (
  `id` bigint unsigned NOT NULL AUTO_INCREMENT,
  `nombre` varchar(255) COLLATE utf8mb4_unicode_ci NOT NULL,
  `email` varchar(255) COLLATE utf8mb4_unicode_ci NOT NULL,
  `telefono` varchar(255) COLLATE utf8mb4_unicode_ci DEFAULT NULL,
  `pedido` varchar(255) COLLATE utf8mb4_unicode_ci DEFAULT NULL,
  `asunto` enum('consulta','reclamo','devolucion','otro') COLLATE utf8mb4_unicode_ci NOT NULL,
  `mensaje` text COLLATE utf8mb4_unicode_ci NOT NULL,
  `leido` tinyint(1) NOT NULL DEFAULT '0',
  `respondido` tinyint(1) NOT NULL DEFAULT '0',
  `usuario_id` bigint unsigned DEFAULT NULL,
  `created_at` timestamp NULL DEFAULT NULL,
  `updated_at` timestamp NULL DEFAULT NULL,
  `deleted_at` timestamp NULL DEFAULT NULL,
  PRIMARY KEY (`id`),
  KEY `consultas_usuario_id_foreign` (`usuario_id`),
  KEY `consultas_pedido_index` (`pedido`),
  CONSTRAINT `consultas_usuario_id_foreign` FOREIGN KEY (`usuario_id`) REFERENCES `usuarios` (`id`) ON DELETE SET NULL
) ENGINE=InnoDB AUTO_INCREMENT=51 DEFAULT CHARSET=utf8mb4 COLLATE=utf8mb4_unicode_ci;
/*!40101 SET character_set_client = @saved_cs_client */;

--
-- Dumping data for table `consultas`
--

LOCK TABLES `consultas` WRITE;
/*!40000 ALTER TABLE `consultas` DISABLE KEYS */;
INSERT INTO `consultas` VALUES (1,'María Luján','marialujan@example.com','1198765432','#00013','consulta','Hola! Quería consultar si tienen stock del buzo polar en color rojo pero talle XL. En la web solo veo hasta L. Gracias!',0,0,NULL,'2026-06-17 20:00:04','2026-06-17 21:06:04',NULL),(2,'Carlos M.','carlos.m@yahoo.com.ar','3412345678','#00013','consulta','Buenas tardes, hacen envíos a Rosario? Si compro hoy, llega antes del viernes que es el cumpleaños de mi perro? Saludos.',0,0,NULL,'2026-06-17 18:31:04','2026-06-17 18:50:04',NULL),(3,'Jorge Ramírez','jorge.ramirez@gmail.com',NULL,'#00037','consulta','Hola, quería saber si las pecheras son regulables en el cuello o solo en el pecho. Tengo un bulldog francés que es muy cabezón.',1,1,NULL,'2026-06-16 20:47:04','2026-06-16 22:33:04',NULL),(4,'Casandra Villalobos','casandra.v@outlook.com','1155443322','#00023','devolucion','Hola equipo de Pet Threads, le compré el impermeable amarillo a mi caniche pero le queda muy chico de largo. Quisiera saber cómo gestionar la devolución o el cambio por un talle más grande.',0,0,3,'2026-06-17 16:12:04','2026-06-17 16:33:04',NULL),(5,'Eloy Palacios','eloy.palacios@hotmail.com',NULL,NULL,'reclamo','Hola, hice un pago ayer por transferencia pero el estado del pedido sigue figurando como pendiente de pago. Les adjunto los datos por aquí por si acaso.',0,0,6,'2026-06-17 13:07:04','2026-06-17 15:04:04',NULL),(6,'Lisandro Altamirano','lisandro_alta@gmail.com','3794120987','#00103','reclamo','Hola, el correo me dice que ya entregaron el paquete pero a mi domicilio no llegó nada. Podrían verificar a qué dirección lo mandaron?',0,0,5,'2026-06-17 08:51:04','2026-06-17 10:02:04',NULL),(7,'Diana Peralta','dianaperalta@gmail.com','1133221100',NULL,'otro','Hola! Quería saber si venden al por mayor para veterinarias. Tenemos locales en Zona Norte. Muchas gracias.',1,1,NULL,'2026-06-15 20:56:04','2026-06-15 21:07:04',NULL),(8,'Nicanor Benavídez','nicanor.b@gmail.com',NULL,NULL,'consulta','Tienen local físico para ir a probarle la ropa a mi perro? Es una raza mestiza y se me complica tomarle las medidas.',1,0,7,'2026-06-16 09:08:04','2026-06-16 10:50:04',NULL),(9,'Roberto Gómez','robertog@live.com','1166778899','#00018','devolucion','Quiero cancelar mi compra porque me confundí de color. Me enviaron confirmación hace 10 minutos.',0,0,NULL,'2026-06-17 18:51:04','2026-06-17 20:18:04',NULL),(10,'Macarena Santillán','maca.santillan@hotmail.com','3419998877',NULL,'consulta','Hola, se le puede agregar nombre bordado a los buzos? Vi fotos en instagram y quedaban hermosos!',1,1,9,'2026-06-14 21:13:04','2026-06-14 22:26:04',NULL),(11,'María Luján','marialujan@example.com','1198765432',NULL,'consulta','Hola! Quería consultar si tienen stock del buzo polar en color rojo pero talle XL. En la web solo veo hasta L. Gracias!',1,0,NULL,'2026-06-16 20:23:04','2026-06-16 20:45:04',NULL),(12,'Carlos M.','carlos.m@yahoo.com.ar','3412345678',NULL,'consulta','Buenas tardes, hacen envíos a Rosario? Si compro hoy, llega antes del viernes que es el cumpleaños de mi perro? Saludos.',1,1,NULL,'2026-06-16 18:27:04','2026-06-16 18:46:04',NULL),(13,'Jorge Ramírez','jorge.ramirez@gmail.com',NULL,NULL,'consulta','Hola, quería saber si las pecheras son regulables en el cuello o solo en el pecho. Tengo un bulldog francés que es muy cabezón.',1,1,NULL,'2026-06-15 21:44:04','2026-06-15 23:10:04',NULL),(14,'Casandra Villalobos','casandra.v@outlook.com','1155443322',NULL,'devolucion','Hola equipo de Pet Threads, le compré el impermeable amarillo a mi caniche pero le queda muy chico de largo. Quisiera saber cómo gestionar la devolución o el cambio por un talle más grande.',1,0,3,'2026-06-16 16:29:04','2026-06-16 17:14:04',NULL),(15,'Eloy Palacios','eloy.palacios@hotmail.com',NULL,'#00053','reclamo','Hola, hice un pago ayer por transferencia pero el estado del pedido sigue figurando como pendiente de pago. Les adjunto los datos por aquí por si acaso.',1,1,6,'2026-06-16 13:21:04','2026-06-16 13:33:04',NULL),(16,'Lisandro Altamirano','lisandro_alta@gmail.com','3794120987',NULL,'reclamo','Hola, el correo me dice que ya entregaron el paquete pero a mi domicilio no llegó nada. Podrían verificar a qué dirección lo mandaron?',1,1,5,'2026-06-16 09:27:04','2026-06-16 09:37:04',NULL),(17,'Diana Peralta','dianaperalta@gmail.com','1133221100',NULL,'otro','Hola! Quería saber si venden al por mayor para veterinarias. Tenemos locales en Zona Norte. Muchas gracias.',1,1,NULL,'2026-06-14 21:05:04','2026-06-14 22:00:04',NULL),(18,'Nicanor Benavídez','nicanor.b@gmail.com',NULL,'#00030','consulta','Tienen local físico para ir a probarle la ropa a mi perro? Es una raza mestiza y se me complica tomarle las medidas.',1,1,7,'2026-06-15 08:48:04','2026-06-15 10:13:04',NULL),(19,'Roberto Gómez','robertog@live.com','1166778899','#00026','devolucion','Quiero cancelar mi compra porque me confundí de color. Me enviaron confirmación hace 10 minutos.',1,0,NULL,'2026-06-16 19:29:04','2026-06-16 20:10:04',NULL),(20,'Macarena Santillán','maca.santillan@hotmail.com','3419998877','#00114','consulta','Hola, se le puede agregar nombre bordado a los buzos? Vi fotos en instagram y quedaban hermosos!',1,1,9,'2026-06-13 21:20:04','2026-06-13 22:07:04',NULL),(21,'María Luján','marialujan@example.com','1198765432','#00021','consulta','Hola! Quería consultar si tienen stock del buzo polar en color rojo pero talle XL. En la web solo veo hasta L. Gracias!',1,1,NULL,'2026-06-10 20:14:04','2026-06-10 21:29:04',NULL),(22,'Carlos M.','carlos.m@yahoo.com.ar','3412345678','#00083','consulta','Buenas tardes, hacen envíos a Rosario? Si compro hoy, llega antes del viernes que es el cumpleaños de mi perro? Saludos.',1,0,NULL,'2026-06-10 18:44:04','2026-06-10 20:33:04',NULL),(23,'Jorge Ramírez','jorge.ramirez@gmail.com',NULL,'#00116','consulta','Hola, quería saber si las pecheras son regulables en el cuello o solo en el pecho. Tengo un bulldog francés que es muy cabezón.',1,0,NULL,'2026-06-09 21:22:04','2026-06-09 22:00:04',NULL),(24,'Casandra Villalobos','casandra.v@outlook.com','1155443322',NULL,'devolucion','Hola equipo de Pet Threads, le compré el impermeable amarillo a mi caniche pero le queda muy chico de largo. Quisiera saber cómo gestionar la devolución o el cambio por un talle más grande.',1,1,3,'2026-06-10 16:06:04','2026-06-10 18:04:04',NULL),(25,'Eloy Palacios','eloy.palacios@hotmail.com',NULL,NULL,'reclamo','Hola, hice un pago ayer por transferencia pero el estado del pedido sigue figurando como pendiente de pago. Les adjunto los datos por aquí por si acaso.',1,1,6,'2026-06-10 13:34:04','2026-06-10 15:04:04',NULL),(26,'Lisandro Altamirano','lisandro_alta@gmail.com','3794120987','#00056','reclamo','Hola, el correo me dice que ya entregaron el paquete pero a mi domicilio no llegó nada. Podrían verificar a qué dirección lo mandaron?',1,0,5,'2026-06-10 08:48:04','2026-06-10 09:47:04',NULL),(27,'Diana Peralta','dianaperalta@gmail.com','1133221100',NULL,'otro','Hola! Quería saber si venden al por mayor para veterinarias. Tenemos locales en Zona Norte. Muchas gracias.',1,1,NULL,'2026-06-08 21:10:04','2026-06-08 21:53:04',NULL),(28,'Nicanor Benavídez','nicanor.b@gmail.com',NULL,'#00045','consulta','Tienen local físico para ir a probarle la ropa a mi perro? Es una raza mestiza y se me complica tomarle las medidas.',1,1,7,'2026-06-09 09:07:04','2026-06-09 10:20:04',NULL),(29,'Roberto Gómez','robertog@live.com','1166778899',NULL,'devolucion','Quiero cancelar mi compra porque me confundí de color. Me enviaron confirmación hace 10 minutos.',1,1,NULL,'2026-06-10 19:21:04','2026-06-10 20:46:04',NULL),(30,'Macarena Santillán','maca.santillan@hotmail.com','3419998877',NULL,'consulta','Hola, se le puede agregar nombre bordado a los buzos? Vi fotos en instagram y quedaban hermosos!',1,1,9,'2026-06-07 21:30:04','2026-06-07 22:23:04',NULL),(31,'María Luján','marialujan@example.com','1198765432','#00092','consulta','Hola! Quería consultar si tienen stock del buzo polar en color rojo pero talle XL. En la web solo veo hasta L. Gracias!',1,1,NULL,'2026-05-18 20:40:04','2026-05-18 22:16:04',NULL),(32,'Carlos M.','carlos.m@yahoo.com.ar','3412345678',NULL,'consulta','Buenas tardes, hacen envíos a Rosario? Si compro hoy, llega antes del viernes que es el cumpleaños de mi perro? Saludos.',1,1,NULL,'2026-05-18 18:04:04','2026-05-18 18:49:04',NULL),(33,'Jorge Ramírez','jorge.ramirez@gmail.com',NULL,NULL,'consulta','Hola, quería saber si las pecheras son regulables en el cuello o solo en el pecho. Tengo un bulldog francés que es muy cabezón.',1,0,NULL,'2026-05-17 21:27:04','2026-05-17 22:51:04',NULL),(34,'Casandra Villalobos','casandra.v@outlook.com','1155443322',NULL,'devolucion','Hola equipo de Pet Threads, le compré el impermeable amarillo a mi caniche pero le queda muy chico de largo. Quisiera saber cómo gestionar la devolución o el cambio por un talle más grande.',1,0,3,'2026-05-18 16:42:04','2026-05-18 17:32:04',NULL),(35,'Eloy Palacios','eloy.palacios@hotmail.com',NULL,'#00044','reclamo','Hola, hice un pago ayer por transferencia pero el estado del pedido sigue figurando como pendiente de pago. Les adjunto los datos por aquí por si acaso.',1,1,6,'2026-05-18 12:50:04','2026-05-18 12:55:04',NULL),(36,'Lisandro Altamirano','lisandro_alta@gmail.com','3794120987','#00065','reclamo','Hola, el correo me dice que ya entregaron el paquete pero a mi domicilio no llegó nada. Podrían verificar a qué dirección lo mandaron?',1,1,5,'2026-05-18 09:17:04','2026-05-18 09:47:04',NULL),(37,'Diana Peralta','dianaperalta@gmail.com','1133221100',NULL,'otro','Hola! Quería saber si venden al por mayor para veterinarias. Tenemos locales en Zona Norte. Muchas gracias.',1,0,NULL,'2026-05-16 21:18:04','2026-05-16 22:21:04',NULL),(38,'Nicanor Benavídez','nicanor.b@gmail.com',NULL,NULL,'consulta','Tienen local físico para ir a probarle la ropa a mi perro? Es una raza mestiza y se me complica tomarle las medidas.',1,1,7,'2026-05-17 09:13:04','2026-05-17 09:35:04',NULL),(39,'Roberto Gómez','robertog@live.com','1166778899','#00034','devolucion','Quiero cancelar mi compra porque me confundí de color. Me enviaron confirmación hace 10 minutos.',1,1,NULL,'2026-05-18 19:12:04','2026-05-18 20:26:04',NULL),(40,'Macarena Santillán','maca.santillan@hotmail.com','3419998877','#00085','consulta','Hola, se le puede agregar nombre bordado a los buzos? Vi fotos en instagram y quedaban hermosos!',1,1,9,'2026-05-15 20:57:04','2026-05-15 21:35:04',NULL),(41,'María Luján','marialujan@example.com','1198765432','#00029','consulta','Hola! Quería consultar si tienen stock del buzo polar en color rojo pero talle XL. En la web solo veo hasta L. Gracias!',1,1,NULL,'2026-03-19 20:26:04','2026-03-19 21:57:04',NULL),(42,'Carlos M.','carlos.m@yahoo.com.ar','3412345678','#00051','consulta','Buenas tardes, hacen envíos a Rosario? Si compro hoy, llega antes del viernes que es el cumpleaños de mi perro? Saludos.',1,1,NULL,'2026-03-19 18:27:04','2026-03-19 20:27:04',NULL),(43,'Jorge Ramírez','jorge.ramirez@gmail.com',NULL,NULL,'consulta','Hola, quería saber si las pecheras son regulables en el cuello o solo en el pecho. Tengo un bulldog francés que es muy cabezón.',1,1,NULL,'2026-03-18 21:16:04','2026-03-18 23:14:04',NULL),(44,'Casandra Villalobos','casandra.v@outlook.com','1155443322',NULL,'devolucion','Hola equipo de Pet Threads, le compré el impermeable amarillo a mi caniche pero le queda muy chico de largo. Quisiera saber cómo gestionar la devolución o el cambio por un talle más grande.',1,1,3,'2026-03-19 16:30:04','2026-03-19 18:05:04',NULL),(45,'Eloy Palacios','eloy.palacios@hotmail.com',NULL,'#00083','reclamo','Hola, hice un pago ayer por transferencia pero el estado del pedido sigue figurando como pendiente de pago. Les adjunto los datos por aquí por si acaso.',1,1,6,'2026-03-19 13:14:04','2026-03-19 15:08:04',NULL),(46,'Lisandro Altamirano','lisandro_alta@gmail.com','3794120987',NULL,'reclamo','Hola, el correo me dice que ya entregaron el paquete pero a mi domicilio no llegó nada. Podrían verificar a qué dirección lo mandaron?',1,1,5,'2026-03-19 09:21:04','2026-03-19 09:33:04',NULL),(47,'Diana Peralta','dianaperalta@gmail.com','1133221100','#00062','otro','Hola! Quería saber si venden al por mayor para veterinarias. Tenemos locales en Zona Norte. Muchas gracias.',1,1,NULL,'2026-03-17 21:23:04','2026-03-17 22:33:04',NULL),(48,'Nicanor Benavídez','nicanor.b@gmail.com',NULL,NULL,'consulta','Tienen local físico para ir a probarle la ropa a mi perro? Es una raza mestiza y se me complica tomarle las medidas.',1,1,7,'2026-03-18 09:00:05','2026-03-18 09:30:05',NULL),(49,'Roberto Gómez','robertog@live.com','1166778899',NULL,'devolucion','Quiero cancelar mi compra porque me confundí de color. Me enviaron confirmación hace 10 minutos.',1,1,NULL,'2026-03-19 19:15:05','2026-03-19 20:00:05',NULL),(50,'Macarena Santillán','maca.santillan@hotmail.com','3419998877',NULL,'consulta','Hola, se le puede agregar nombre bordado a los buzos? Vi fotos en instagram y quedaban hermosos!',0,0,9,'2026-03-16 21:14:05','2026-03-16 22:53:05',NULL);
/*!40000 ALTER TABLE `consultas` ENABLE KEYS */;
UNLOCK TABLES;

--
-- Table structure for table `failed_jobs`
--

DROP TABLE IF EXISTS `failed_jobs`;
/*!40101 SET @saved_cs_client     = @@character_set_client */;
/*!50503 SET character_set_client = utf8mb4 */;
CREATE TABLE `failed_jobs` (
  `id` bigint unsigned NOT NULL AUTO_INCREMENT,
  `uuid` varchar(255) COLLATE utf8mb4_unicode_ci NOT NULL,
  `connection` text COLLATE utf8mb4_unicode_ci NOT NULL,
  `queue` text COLLATE utf8mb4_unicode_ci NOT NULL,
  `payload` longtext COLLATE utf8mb4_unicode_ci NOT NULL,
  `exception` longtext COLLATE utf8mb4_unicode_ci NOT NULL,
  `failed_at` timestamp NOT NULL DEFAULT CURRENT_TIMESTAMP,
  PRIMARY KEY (`id`),
  UNIQUE KEY `failed_jobs_uuid_unique` (`uuid`)
) ENGINE=InnoDB DEFAULT CHARSET=utf8mb4 COLLATE=utf8mb4_unicode_ci;
/*!40101 SET character_set_client = @saved_cs_client */;

--
-- Dumping data for table `failed_jobs`
--

LOCK TABLES `failed_jobs` WRITE;
/*!40000 ALTER TABLE `failed_jobs` DISABLE KEYS */;
/*!40000 ALTER TABLE `failed_jobs` ENABLE KEYS */;
UNLOCK TABLES;

--
-- Table structure for table `formas_pago`
--

DROP TABLE IF EXISTS `formas_pago`;
/*!40101 SET @saved_cs_client     = @@character_set_client */;
/*!50503 SET character_set_client = utf8mb4 */;
CREATE TABLE `formas_pago` (
  `id` bigint unsigned NOT NULL AUTO_INCREMENT,
  `descripcion` varchar(100) COLLATE utf8mb4_unicode_ci NOT NULL,
  `created_at` timestamp NULL DEFAULT NULL,
  `updated_at` timestamp NULL DEFAULT NULL,
  PRIMARY KEY (`id`)
) ENGINE=InnoDB AUTO_INCREMENT=4 DEFAULT CHARSET=utf8mb4 COLLATE=utf8mb4_unicode_ci;
/*!40101 SET character_set_client = @saved_cs_client */;

--
-- Dumping data for table `formas_pago`
--

LOCK TABLES `formas_pago` WRITE;
/*!40000 ALTER TABLE `formas_pago` DISABLE KEYS */;
INSERT INTO `formas_pago` VALUES (1,'Efectivo','2026-06-17 21:45:49','2026-06-17 21:45:49'),(2,'Tarjeta de Crédito / Débito','2026-06-17 21:45:49','2026-06-17 21:45:49'),(3,'Transferencia Bancaria','2026-06-17 21:45:49','2026-06-17 21:45:49');
/*!40000 ALTER TABLE `formas_pago` ENABLE KEYS */;
UNLOCK TABLES;

--
-- Table structure for table `migrations`
--

DROP TABLE IF EXISTS `migrations`;
/*!40101 SET @saved_cs_client     = @@character_set_client */;
/*!50503 SET character_set_client = utf8mb4 */;
CREATE TABLE `migrations` (
  `id` int unsigned NOT NULL AUTO_INCREMENT,
  `migration` varchar(255) COLLATE utf8mb4_unicode_ci NOT NULL,
  `batch` int NOT NULL,
  PRIMARY KEY (`id`)
) ENGINE=InnoDB AUTO_INCREMENT=16 DEFAULT CHARSET=utf8mb4 COLLATE=utf8mb4_unicode_ci;
/*!40101 SET character_set_client = @saved_cs_client */;

--
-- Dumping data for table `migrations`
--

LOCK TABLES `migrations` WRITE;
/*!40000 ALTER TABLE `migrations` DISABLE KEYS */;
INSERT INTO `migrations` VALUES (1,'2014_10_11_002221_create_roles_table',1),(2,'2014_10_12_100000_create_password_reset_tokens_table',1),(3,'2019_08_19_000000_create_failed_jobs_table',1),(4,'2019_12_14_000001_create_personal_access_tokens_table',1),(5,'2026_05_15_002653_create_usuarios_table',1),(6,'2026_05_16_045700_create_categorias_table',1),(7,'2026_05_16_045703_create_colores_table',1),(8,'2026_05_16_051200_create_colecciones_table',1),(9,'2026_05_22_051601_create_productos_table',1),(10,'2026_05_23_000000_create_producto_imagenes_table',1),(11,'2026_06_04_000001_create_formas_pago_table',1),(12,'2026_06_04_000002_create_ventas_table',1),(13,'2026_06_04_000003_create_venta_detalles_table',1),(14,'2026_06_10_040114_create_consultas_table',1),(15,'2026_06_11_035429_add_ecommerce_fields_to_usuarios_table',1);
/*!40000 ALTER TABLE `migrations` ENABLE KEYS */;
UNLOCK TABLES;

--
-- Table structure for table `password_reset_tokens`
--

DROP TABLE IF EXISTS `password_reset_tokens`;
/*!40101 SET @saved_cs_client     = @@character_set_client */;
/*!50503 SET character_set_client = utf8mb4 */;
CREATE TABLE `password_reset_tokens` (
  `email` varchar(255) COLLATE utf8mb4_unicode_ci NOT NULL,
  `token` varchar(255) COLLATE utf8mb4_unicode_ci NOT NULL,
  `created_at` timestamp NULL DEFAULT NULL,
  PRIMARY KEY (`email`)
) ENGINE=InnoDB DEFAULT CHARSET=utf8mb4 COLLATE=utf8mb4_unicode_ci;
/*!40101 SET character_set_client = @saved_cs_client */;

--
-- Dumping data for table `password_reset_tokens`
--

LOCK TABLES `password_reset_tokens` WRITE;
/*!40000 ALTER TABLE `password_reset_tokens` DISABLE KEYS */;
/*!40000 ALTER TABLE `password_reset_tokens` ENABLE KEYS */;
UNLOCK TABLES;

--
-- Table structure for table `personal_access_tokens`
--

DROP TABLE IF EXISTS `personal_access_tokens`;
/*!40101 SET @saved_cs_client     = @@character_set_client */;
/*!50503 SET character_set_client = utf8mb4 */;
CREATE TABLE `personal_access_tokens` (
  `id` bigint unsigned NOT NULL AUTO_INCREMENT,
  `tokenable_type` varchar(255) COLLATE utf8mb4_unicode_ci NOT NULL,
  `tokenable_id` bigint unsigned NOT NULL,
  `name` varchar(255) COLLATE utf8mb4_unicode_ci NOT NULL,
  `token` varchar(64) COLLATE utf8mb4_unicode_ci NOT NULL,
  `abilities` text COLLATE utf8mb4_unicode_ci,
  `last_used_at` timestamp NULL DEFAULT NULL,
  `expires_at` timestamp NULL DEFAULT NULL,
  `created_at` timestamp NULL DEFAULT NULL,
  `updated_at` timestamp NULL DEFAULT NULL,
  PRIMARY KEY (`id`),
  UNIQUE KEY `personal_access_tokens_token_unique` (`token`),
  KEY `personal_access_tokens_tokenable_type_tokenable_id_index` (`tokenable_type`,`tokenable_id`)
) ENGINE=InnoDB DEFAULT CHARSET=utf8mb4 COLLATE=utf8mb4_unicode_ci;
/*!40101 SET character_set_client = @saved_cs_client */;

--
-- Dumping data for table `personal_access_tokens`
--

LOCK TABLES `personal_access_tokens` WRITE;
/*!40000 ALTER TABLE `personal_access_tokens` DISABLE KEYS */;
/*!40000 ALTER TABLE `personal_access_tokens` ENABLE KEYS */;
UNLOCK TABLES;

--
-- Table structure for table `producto_imagenes`
--

DROP TABLE IF EXISTS `producto_imagenes`;
/*!40101 SET @saved_cs_client     = @@character_set_client */;
/*!50503 SET character_set_client = utf8mb4 */;
CREATE TABLE `producto_imagenes` (
  `id` bigint unsigned NOT NULL AUTO_INCREMENT,
  `sku_color` varchar(80) COLLATE utf8mb4_unicode_ci NOT NULL,
  `url` varchar(255) COLLATE utf8mb4_unicode_ci NOT NULL,
  `orden` smallint unsigned NOT NULL DEFAULT '0',
  `created_at` timestamp NULL DEFAULT NULL,
  `updated_at` timestamp NULL DEFAULT NULL,
  PRIMARY KEY (`id`),
  KEY `producto_imagenes_sku_color_index` (`sku_color`)
) ENGINE=InnoDB AUTO_INCREMENT=196 DEFAULT CHARSET=utf8mb4 COLLATE=utf8mb4_unicode_ci;
/*!40101 SET character_set_client = @saved_cs_client */;

--
-- Dumping data for table `producto_imagenes`
--

LOCK TABLES `producto_imagenes` WRITE;
/*!40000 ALTER TABLE `producto_imagenes` DISABLE KEYS */;
INSERT INTO `producto_imagenes` VALUES (1,'BUZO-URBAN-ROJO','https://cdn-petthreads.nostos.com.ar/img/productos/buzo-urban-rojo-1.webp',1,'2026-06-17 21:45:50','2026-06-17 21:45:50'),(2,'BUZO-URBAN-ROJO','https://cdn-petthreads.nostos.com.ar/img/productos/buzo-urban-rojo-2.webp',2,'2026-06-17 21:45:50','2026-06-17 21:45:50'),(3,'BUZO-URBAN-ROJO','https://cdn-petthreads.nostos.com.ar/img/productos/buzo-urban-rojo-3.webp',3,'2026-06-17 21:45:50','2026-06-17 21:45:50'),(4,'BUZO-URBAN-AZUL','https://cdn-petthreads.nostos.com.ar/img/productos/buzo-urban-azul-1.webp',1,'2026-06-17 21:45:50','2026-06-17 21:45:50'),(5,'BUZO-URBAN-AZUL','https://cdn-petthreads.nostos.com.ar/img/productos/buzo-urban-azul-2.webp',2,'2026-06-17 21:45:50','2026-06-17 21:45:50'),(6,'BUZO-URBAN-AZUL','https://cdn-petthreads.nostos.com.ar/img/productos/buzo-urban-azul-3.webp',3,'2026-06-17 21:45:50','2026-06-17 21:45:50'),(7,'BUZO-URBAN-GRIS','https://cdn-petthreads.nostos.com.ar/img/productos/buzo-urban-gris-1.webp',1,'2026-06-17 21:45:50','2026-06-17 21:45:50'),(8,'BUZO-URBAN-GRIS','https://cdn-petthreads.nostos.com.ar/img/productos/buzo-urban-gris-2.webp',2,'2026-06-17 21:45:50','2026-06-17 21:45:50'),(9,'BUZO-URBAN-GRIS','https://cdn-petthreads.nostos.com.ar/img/productos/buzo-urban-gris-3.webp',3,'2026-06-17 21:45:50','2026-06-17 21:45:50'),(10,'BUZO-NORDIC-GRIS','https://cdn-petthreads.nostos.com.ar/img/productos/buzo-nordic-gris-1.webp',1,'2026-06-17 21:45:50','2026-06-17 21:45:50'),(11,'BUZO-NORDIC-GRIS','https://cdn-petthreads.nostos.com.ar/img/productos/buzo-nordic-gris-2.webp',2,'2026-06-17 21:45:50','2026-06-17 21:45:50'),(12,'BUZO-NORDIC-GRIS','https://cdn-petthreads.nostos.com.ar/img/productos/buzo-nordic-gris-3.webp',3,'2026-06-17 21:45:50','2026-06-17 21:45:50'),(13,'BUZO-NORDIC-NEGRO','https://cdn-petthreads.nostos.com.ar/img/productos/buzo-nordic-negro-1.webp',1,'2026-06-17 21:45:50','2026-06-17 21:45:50'),(14,'BUZO-NORDIC-NEGRO','https://cdn-petthreads.nostos.com.ar/img/productos/buzo-nordic-negro-2.webp',2,'2026-06-17 21:45:50','2026-06-17 21:45:50'),(15,'BUZO-NORDIC-NEGRO','https://cdn-petthreads.nostos.com.ar/img/productos/buzo-nordic-negro-3.webp',3,'2026-06-17 21:45:50','2026-06-17 21:45:50'),(16,'BUZO-NORDIC-AZUL','https://cdn-petthreads.nostos.com.ar/img/productos/buzo-nordic-azul-1.webp',1,'2026-06-17 21:45:50','2026-06-17 21:45:50'),(17,'BUZO-NORDIC-AZUL','https://cdn-petthreads.nostos.com.ar/img/productos/buzo-nordic-azul-2.webp',2,'2026-06-17 21:45:50','2026-06-17 21:45:50'),(18,'BUZO-NORDIC-AZUL','https://cdn-petthreads.nostos.com.ar/img/productos/buzo-nordic-azul-3.webp',3,'2026-06-17 21:45:50','2026-06-17 21:45:50'),(19,'BUZO-SPORTY-AMARILLO','https://cdn-petthreads.nostos.com.ar/img/productos/buzo-sporty-amarillo-1.webp',1,'2026-06-17 21:45:50','2026-06-17 21:45:50'),(20,'BUZO-SPORTY-AMARILLO','https://cdn-petthreads.nostos.com.ar/img/productos/buzo-sporty-amarillo-2.webp',2,'2026-06-17 21:45:50','2026-06-17 21:45:50'),(21,'BUZO-SPORTY-AMARILLO','https://cdn-petthreads.nostos.com.ar/img/productos/buzo-sporty-amarillo-3.webp',3,'2026-06-17 21:45:50','2026-06-17 21:45:50'),(22,'BUZO-SPORTY-ROJO','https://cdn-petthreads.nostos.com.ar/img/productos/buzo-sporty-rojo-1.webp',1,'2026-06-17 21:45:50','2026-06-17 21:45:50'),(23,'BUZO-SPORTY-ROJO','https://cdn-petthreads.nostos.com.ar/img/productos/buzo-sporty-rojo-2.webp',2,'2026-06-17 21:45:50','2026-06-17 21:45:50'),(24,'BUZO-SPORTY-ROJO','https://cdn-petthreads.nostos.com.ar/img/productos/buzo-sporty-rojo-3.webp',3,'2026-06-17 21:45:50','2026-06-17 21:45:50'),(25,'BUZO-GALAXY-VIOLETA','https://cdn-petthreads.nostos.com.ar/img/productos/buzo-galaxy-violeta-1.webp',1,'2026-06-17 21:45:50','2026-06-17 21:45:50'),(26,'BUZO-GALAXY-VIOLETA','https://cdn-petthreads.nostos.com.ar/img/productos/buzo-galaxy-violeta-2.webp',2,'2026-06-17 21:45:50','2026-06-17 21:45:50'),(27,'BUZO-GALAXY-VIOLETA','https://cdn-petthreads.nostos.com.ar/img/productos/buzo-galaxy-violeta-3.webp',3,'2026-06-17 21:45:50','2026-06-17 21:45:50'),(28,'BUZO-GALAXY-ROSA','https://cdn-petthreads.nostos.com.ar/img/productos/buzo-galaxy-rosa-1.webp',1,'2026-06-17 21:45:50','2026-06-17 21:45:50'),(29,'BUZO-GALAXY-ROSA','https://cdn-petthreads.nostos.com.ar/img/productos/buzo-galaxy-rosa-2.webp',2,'2026-06-17 21:45:50','2026-06-17 21:45:50'),(30,'BUZO-GALAXY-ROSA','https://cdn-petthreads.nostos.com.ar/img/productos/buzo-galaxy-rosa-3.webp',3,'2026-06-17 21:45:50','2026-06-17 21:45:50'),(31,'BUZO-GALAXY-AZUL','https://cdn-petthreads.nostos.com.ar/img/productos/buzo-galaxy-azul-1.webp',1,'2026-06-17 21:45:50','2026-06-17 21:45:50'),(32,'BUZO-GALAXY-AZUL','https://cdn-petthreads.nostos.com.ar/img/productos/buzo-galaxy-azul-2.webp',2,'2026-06-17 21:45:50','2026-06-17 21:45:50'),(33,'BUZO-GALAXY-AZUL','https://cdn-petthreads.nostos.com.ar/img/productos/buzo-galaxy-azul-3.webp',3,'2026-06-17 21:45:50','2026-06-17 21:45:50'),(34,'SUETER-ASPEN-ROJO','https://cdn-petthreads.nostos.com.ar/img/productos/sueter-aspen-rojo-1.webp',1,'2026-06-17 21:45:50','2026-06-17 21:45:50'),(35,'SUETER-ASPEN-ROJO','https://cdn-petthreads.nostos.com.ar/img/productos/sueter-aspen-rojo-2.webp',2,'2026-06-17 21:45:51','2026-06-17 21:45:51'),(36,'SUETER-ASPEN-ROJO','https://cdn-petthreads.nostos.com.ar/img/productos/sueter-aspen-rojo-3.webp',3,'2026-06-17 21:45:51','2026-06-17 21:45:51'),(37,'SUETER-ASPEN-GRIS','https://cdn-petthreads.nostos.com.ar/img/productos/sueter-aspen-gris-1.webp',1,'2026-06-17 21:45:51','2026-06-17 21:45:51'),(38,'SUETER-ASPEN-GRIS','https://cdn-petthreads.nostos.com.ar/img/productos/sueter-aspen-gris-2.webp',2,'2026-06-17 21:45:51','2026-06-17 21:45:51'),(39,'SUETER-ASPEN-GRIS','https://cdn-petthreads.nostos.com.ar/img/productos/sueter-aspen-gris-3.webp',3,'2026-06-17 21:45:51','2026-06-17 21:45:51'),(40,'SUETER-ASPEN-VERDE','https://cdn-petthreads.nostos.com.ar/img/productos/sueter-aspen-verde-1.webp',1,'2026-06-17 21:45:51','2026-06-17 21:45:51'),(41,'SUETER-ASPEN-VERDE','https://cdn-petthreads.nostos.com.ar/img/productos/sueter-aspen-verde-2.webp',2,'2026-06-17 21:45:51','2026-06-17 21:45:51'),(42,'SUETER-ASPEN-VERDE','https://cdn-petthreads.nostos.com.ar/img/productos/sueter-aspen-verde-3.webp',3,'2026-06-17 21:45:51','2026-06-17 21:45:51'),(43,'SUETER-SCOTTISH-ROJO','https://cdn-petthreads.nostos.com.ar/img/productos/sueter-scottish-rojo-1.webp',1,'2026-06-17 21:45:51','2026-06-17 21:45:51'),(44,'SUETER-SCOTTISH-ROJO','https://cdn-petthreads.nostos.com.ar/img/productos/sueter-scottish-rojo-2.webp',2,'2026-06-17 21:45:51','2026-06-17 21:45:51'),(45,'SUETER-SCOTTISH-ROJO','https://cdn-petthreads.nostos.com.ar/img/productos/sueter-scottish-rojo-3.webp',3,'2026-06-17 21:45:51','2026-06-17 21:45:51'),(46,'SUETER-SCOTTISH-AZUL','https://cdn-petthreads.nostos.com.ar/img/productos/sueter-scottish-azul-1.webp',1,'2026-06-17 21:45:51','2026-06-17 21:45:51'),(47,'SUETER-SCOTTISH-AZUL','https://cdn-petthreads.nostos.com.ar/img/productos/sueter-scottish-azul-2.webp',2,'2026-06-17 21:45:51','2026-06-17 21:45:51'),(48,'SUETER-SCOTTISH-AZUL','https://cdn-petthreads.nostos.com.ar/img/productos/sueter-scottish-azul-3.webp',3,'2026-06-17 21:45:51','2026-06-17 21:45:51'),(49,'SUETER-WINTER-VERDE','https://cdn-petthreads.nostos.com.ar/img/productos/sueter-winter-verde-1.webp',1,'2026-06-17 21:45:51','2026-06-17 21:45:51'),(50,'SUETER-WINTER-VERDE','https://cdn-petthreads.nostos.com.ar/img/productos/sueter-winter-verde-2.webp',2,'2026-06-17 21:45:51','2026-06-17 21:45:51'),(51,'SUETER-WINTER-VERDE','https://cdn-petthreads.nostos.com.ar/img/productos/sueter-winter-verde-3.webp',3,'2026-06-17 21:45:51','2026-06-17 21:45:51'),(52,'SUETER-WINTER-GRIS','https://cdn-petthreads.nostos.com.ar/img/productos/sueter-winter-gris-1.webp',1,'2026-06-17 21:45:51','2026-06-17 21:45:51'),(53,'SUETER-WINTER-GRIS','https://cdn-petthreads.nostos.com.ar/img/productos/sueter-winter-gris-2.webp',2,'2026-06-17 21:45:51','2026-06-17 21:45:51'),(54,'SUETER-WINTER-GRIS','https://cdn-petthreads.nostos.com.ar/img/productos/sueter-winter-gris-3.webp',3,'2026-06-17 21:45:51','2026-06-17 21:45:51'),(55,'SUETER-WINTER-ROJO','https://cdn-petthreads.nostos.com.ar/img/productos/sueter-winter-rojo-1.webp',1,'2026-06-17 21:45:51','2026-06-17 21:45:51'),(56,'SUETER-WINTER-ROJO','https://cdn-petthreads.nostos.com.ar/img/productos/sueter-winter-rojo-2.webp',2,'2026-06-17 21:45:51','2026-06-17 21:45:51'),(57,'SUETER-WINTER-ROJO','https://cdn-petthreads.nostos.com.ar/img/productos/sueter-winter-rojo-3.webp',3,'2026-06-17 21:45:51','2026-06-17 21:45:51'),(58,'PECHERA-CITY-NEGRO','https://cdn-petthreads.nostos.com.ar/img/productos/pechera-city-negro-1.webp',1,'2026-06-17 21:45:51','2026-06-17 21:45:51'),(59,'PECHERA-CITY-NEGRO','https://cdn-petthreads.nostos.com.ar/img/productos/pechera-city-negro-2.webp',2,'2026-06-17 21:45:51','2026-06-17 21:45:51'),(60,'PECHERA-CITY-NEGRO','https://cdn-petthreads.nostos.com.ar/img/productos/pechera-city-negro-3.webp',3,'2026-06-17 21:45:51','2026-06-17 21:45:51'),(61,'PECHERA-CITY-AZUL','https://cdn-petthreads.nostos.com.ar/img/productos/pechera-city-azul-1.webp',1,'2026-06-17 21:45:51','2026-06-17 21:45:51'),(62,'PECHERA-CITY-AZUL','https://cdn-petthreads.nostos.com.ar/img/productos/pechera-city-azul-2.webp',2,'2026-06-17 21:45:51','2026-06-17 21:45:51'),(63,'PECHERA-CITY-AZUL','https://cdn-petthreads.nostos.com.ar/img/productos/pechera-city-azul-3.webp',3,'2026-06-17 21:45:51','2026-06-17 21:45:51'),(64,'PECHERA-CITY-ROJO','https://cdn-petthreads.nostos.com.ar/img/productos/pechera-city-rojo-1.webp',1,'2026-06-17 21:45:51','2026-06-17 21:45:51'),(65,'PECHERA-CITY-ROJO','https://cdn-petthreads.nostos.com.ar/img/productos/pechera-city-rojo-2.webp',2,'2026-06-17 21:45:51','2026-06-17 21:45:51'),(66,'PECHERA-CITY-ROJO','https://cdn-petthreads.nostos.com.ar/img/productos/pechera-city-rojo-3.webp',3,'2026-06-17 21:45:51','2026-06-17 21:45:51'),(67,'PECHERA-COZY-BLANCO','https://cdn-petthreads.nostos.com.ar/img/productos/pechera-cozy-blanco-1.webp',1,'2026-06-17 21:45:51','2026-06-17 21:45:51'),(68,'PECHERA-COZY-BLANCO','https://cdn-petthreads.nostos.com.ar/img/productos/pechera-cozy-blanco-2.webp',2,'2026-06-17 21:45:51','2026-06-17 21:45:51'),(69,'PECHERA-COZY-BLANCO','https://cdn-petthreads.nostos.com.ar/img/productos/pechera-cozy-blanco-3.webp',3,'2026-06-17 21:45:51','2026-06-17 21:45:51'),(70,'PECHERA-COZY-GRIS','https://cdn-petthreads.nostos.com.ar/img/productos/pechera-cozy-gris-1.webp',1,'2026-06-17 21:45:51','2026-06-17 21:45:51'),(71,'PECHERA-COZY-GRIS','https://cdn-petthreads.nostos.com.ar/img/productos/pechera-cozy-gris-2.webp',2,'2026-06-17 21:45:51','2026-06-17 21:45:51'),(72,'PECHERA-COZY-GRIS','https://cdn-petthreads.nostos.com.ar/img/productos/pechera-cozy-gris-3.webp',3,'2026-06-17 21:45:51','2026-06-17 21:45:51'),(73,'PECHERA-REVERSIBLE-AZUL','https://cdn-petthreads.nostos.com.ar/img/productos/pechera-reversible-azul-1.webp',1,'2026-06-17 21:45:51','2026-06-17 21:45:51'),(74,'PECHERA-REVERSIBLE-AZUL','https://cdn-petthreads.nostos.com.ar/img/productos/pechera-reversible-azul-2.webp',2,'2026-06-17 21:45:51','2026-06-17 21:45:51'),(75,'PECHERA-REVERSIBLE-AZUL','https://cdn-petthreads.nostos.com.ar/img/productos/pechera-reversible-azul-3.webp',3,'2026-06-17 21:45:51','2026-06-17 21:45:51'),(76,'PECHERA-REVERSIBLE-GRIS','https://cdn-petthreads.nostos.com.ar/img/productos/pechera-reversible-gris-1.webp',1,'2026-06-17 21:45:52','2026-06-17 21:45:52'),(77,'PECHERA-REVERSIBLE-GRIS','https://cdn-petthreads.nostos.com.ar/img/productos/pechera-reversible-gris-2.webp',2,'2026-06-17 21:45:52','2026-06-17 21:45:52'),(78,'PECHERA-REVERSIBLE-GRIS','https://cdn-petthreads.nostos.com.ar/img/productos/pechera-reversible-gris-3.webp',3,'2026-06-17 21:45:52','2026-06-17 21:45:52'),(79,'PECHERA-REVERSIBLE-NEGRO','https://cdn-petthreads.nostos.com.ar/img/productos/pechera-reversible-negro-1.webp',1,'2026-06-17 21:45:52','2026-06-17 21:45:52'),(80,'PECHERA-REVERSIBLE-NEGRO','https://cdn-petthreads.nostos.com.ar/img/productos/pechera-reversible-negro-2.webp',2,'2026-06-17 21:45:52','2026-06-17 21:45:52'),(81,'PECHERA-REVERSIBLE-NEGRO','https://cdn-petthreads.nostos.com.ar/img/productos/pechera-reversible-negro-3.webp',3,'2026-06-17 21:45:52','2026-06-17 21:45:52'),(82,'IMP-STORM-ROJO','https://cdn-petthreads.nostos.com.ar/img/productos/imp-storm-rojo-1.webp',1,'2026-06-17 21:45:52','2026-06-17 21:45:52'),(83,'IMP-STORM-ROJO','https://cdn-petthreads.nostos.com.ar/img/productos/imp-storm-rojo-2.webp',2,'2026-06-17 21:45:52','2026-06-17 21:45:52'),(84,'IMP-STORM-ROJO','https://cdn-petthreads.nostos.com.ar/img/productos/imp-storm-rojo-3.webp',3,'2026-06-17 21:45:52','2026-06-17 21:45:52'),(85,'IMP-STORM-AMARILLO','https://cdn-petthreads.nostos.com.ar/img/productos/imp-storm-amarillo-1.webp',1,'2026-06-17 21:45:52','2026-06-17 21:45:52'),(86,'IMP-STORM-AMARILLO','https://cdn-petthreads.nostos.com.ar/img/productos/imp-storm-amarillo-2.webp',2,'2026-06-17 21:45:52','2026-06-17 21:45:52'),(87,'IMP-STORM-AMARILLO','https://cdn-petthreads.nostos.com.ar/img/productos/imp-storm-amarillo-3.webp',3,'2026-06-17 21:45:52','2026-06-17 21:45:52'),(88,'IMP-STORM-AZUL','https://cdn-petthreads.nostos.com.ar/img/productos/imp-storm-azul-1.webp',1,'2026-06-17 21:45:52','2026-06-17 21:45:52'),(89,'IMP-STORM-AZUL','https://cdn-petthreads.nostos.com.ar/img/productos/imp-storm-azul-2.webp',2,'2026-06-17 21:45:52','2026-06-17 21:45:52'),(90,'IMP-STORM-AZUL','https://cdn-petthreads.nostos.com.ar/img/productos/imp-storm-azul-3.webp',3,'2026-06-17 21:45:52','2026-06-17 21:45:52'),(91,'IMP-YELLOW-AMARILLO','https://cdn-petthreads.nostos.com.ar/img/productos/imp-yellow-amarillo-1.webp',1,'2026-06-17 21:45:52','2026-06-17 21:45:52'),(92,'IMP-YELLOW-AMARILLO','https://cdn-petthreads.nostos.com.ar/img/productos/imp-yellow-amarillo-2.webp',2,'2026-06-17 21:45:52','2026-06-17 21:45:52'),(93,'IMP-YELLOW-AMARILLO','https://cdn-petthreads.nostos.com.ar/img/productos/imp-yellow-amarillo-3.webp',3,'2026-06-17 21:45:52','2026-06-17 21:45:52'),(94,'IMP-YELLOW-BLANCO','https://cdn-petthreads.nostos.com.ar/img/productos/imp-yellow-blanco-1.webp',1,'2026-06-17 21:45:52','2026-06-17 21:45:52'),(95,'IMP-YELLOW-BLANCO','https://cdn-petthreads.nostos.com.ar/img/productos/imp-yellow-blanco-2.webp',2,'2026-06-17 21:45:52','2026-06-17 21:45:52'),(96,'IMP-YELLOW-BLANCO','https://cdn-petthreads.nostos.com.ar/img/productos/imp-yellow-blanco-3.webp',3,'2026-06-17 21:45:52','2026-06-17 21:45:52'),(97,'IMP-DRIZZLE-NEGRO','https://cdn-petthreads.nostos.com.ar/img/productos/imp-drizzle-negro-1.webp',1,'2026-06-17 21:45:52','2026-06-17 21:45:52'),(98,'IMP-DRIZZLE-NEGRO','https://cdn-petthreads.nostos.com.ar/img/productos/imp-drizzle-negro-2.webp',2,'2026-06-17 21:45:52','2026-06-17 21:45:52'),(99,'IMP-DRIZZLE-NEGRO','https://cdn-petthreads.nostos.com.ar/img/productos/imp-drizzle-negro-3.webp',3,'2026-06-17 21:45:52','2026-06-17 21:45:52'),(100,'IMP-DRIZZLE-AMARILLO','https://cdn-petthreads.nostos.com.ar/img/productos/imp-drizzle-amarillo-1.webp',1,'2026-06-17 21:45:52','2026-06-17 21:45:52'),(101,'IMP-DRIZZLE-AMARILLO','https://cdn-petthreads.nostos.com.ar/img/productos/imp-drizzle-amarillo-2.webp',2,'2026-06-17 21:45:52','2026-06-17 21:45:52'),(102,'IMP-DRIZZLE-AMARILLO','https://cdn-petthreads.nostos.com.ar/img/productos/imp-drizzle-amarillo-3.webp',3,'2026-06-17 21:45:52','2026-06-17 21:45:52'),(103,'IMP-DRIZZLE-ROJO','https://cdn-petthreads.nostos.com.ar/img/productos/imp-drizzle-rojo-1.webp',1,'2026-06-17 21:45:52','2026-06-17 21:45:52'),(104,'IMP-DRIZZLE-ROJO','https://cdn-petthreads.nostos.com.ar/img/productos/imp-drizzle-rojo-2.webp',2,'2026-06-17 21:45:52','2026-06-17 21:45:52'),(105,'IMP-DRIZZLE-ROJO','https://cdn-petthreads.nostos.com.ar/img/productos/imp-drizzle-rojo-3.webp',3,'2026-06-17 21:45:52','2026-06-17 21:45:52'),(106,'PIJAMA-WINTER-GRIS','https://cdn-petthreads.nostos.com.ar/img/productos/pijama-winter-gris-1.webp',1,'2026-06-17 21:45:52','2026-06-17 21:45:52'),(107,'PIJAMA-WINTER-GRIS','https://cdn-petthreads.nostos.com.ar/img/productos/pijama-winter-gris-2.webp',2,'2026-06-17 21:45:52','2026-06-17 21:45:52'),(108,'PIJAMA-WINTER-GRIS','https://cdn-petthreads.nostos.com.ar/img/productos/pijama-winter-gris-3.webp',3,'2026-06-17 21:45:52','2026-06-17 21:45:52'),(109,'PIJAMA-WINTER-ROSA','https://cdn-petthreads.nostos.com.ar/img/productos/pijama-winter-rosa-1.webp',1,'2026-06-17 21:45:52','2026-06-17 21:45:52'),(110,'PIJAMA-WINTER-ROSA','https://cdn-petthreads.nostos.com.ar/img/productos/pijama-winter-rosa-2.webp',2,'2026-06-17 21:45:52','2026-06-17 21:45:52'),(111,'PIJAMA-WINTER-ROSA','https://cdn-petthreads.nostos.com.ar/img/productos/pijama-winter-rosa-3.webp',3,'2026-06-17 21:45:52','2026-06-17 21:45:52'),(112,'PIJAMA-WINTER-AZUL','https://cdn-petthreads.nostos.com.ar/img/productos/pijama-winter-azul-1.webp',1,'2026-06-17 21:45:52','2026-06-17 21:45:52'),(113,'PIJAMA-WINTER-AZUL','https://cdn-petthreads.nostos.com.ar/img/productos/pijama-winter-azul-2.webp',2,'2026-06-17 21:45:52','2026-06-17 21:45:52'),(114,'PIJAMA-WINTER-AZUL','https://cdn-petthreads.nostos.com.ar/img/productos/pijama-winter-azul-3.webp',3,'2026-06-17 21:45:52','2026-06-17 21:45:52'),(115,'PIJAMA-MINIMAL-ROSA','https://cdn-petthreads.nostos.com.ar/img/productos/pijama-minimal-rosa-1.webp',1,'2026-06-17 21:45:52','2026-06-17 21:45:52'),(116,'PIJAMA-MINIMAL-ROSA','https://cdn-petthreads.nostos.com.ar/img/productos/pijama-minimal-rosa-2.webp',2,'2026-06-17 21:45:52','2026-06-17 21:45:52'),(117,'PIJAMA-MINIMAL-ROSA','https://cdn-petthreads.nostos.com.ar/img/productos/pijama-minimal-rosa-3.webp',3,'2026-06-17 21:45:52','2026-06-17 21:45:52'),(118,'PIJAMA-MINIMAL-BLANCO','https://cdn-petthreads.nostos.com.ar/img/productos/pijama-minimal-blanco-1.webp',1,'2026-06-17 21:45:53','2026-06-17 21:45:53'),(119,'PIJAMA-MINIMAL-BLANCO','https://cdn-petthreads.nostos.com.ar/img/productos/pijama-minimal-blanco-2.webp',2,'2026-06-17 21:45:53','2026-06-17 21:45:53'),(120,'PIJAMA-MINIMAL-BLANCO','https://cdn-petthreads.nostos.com.ar/img/productos/pijama-minimal-blanco-3.webp',3,'2026-06-17 21:45:53','2026-06-17 21:45:53'),(121,'PIJAMA-MINIMAL-GRIS','https://cdn-petthreads.nostos.com.ar/img/productos/pijama-minimal-gris-1.webp',1,'2026-06-17 21:45:53','2026-06-17 21:45:53'),(122,'PIJAMA-MINIMAL-GRIS','https://cdn-petthreads.nostos.com.ar/img/productos/pijama-minimal-gris-2.webp',2,'2026-06-17 21:45:53','2026-06-17 21:45:53'),(123,'PIJAMA-MINIMAL-GRIS','https://cdn-petthreads.nostos.com.ar/img/productos/pijama-minimal-gris-3.webp',3,'2026-06-17 21:45:53','2026-06-17 21:45:53'),(124,'PIJAMA-MOON-AZUL','https://cdn-petthreads.nostos.com.ar/img/productos/pijama-moon-azul-1.webp',1,'2026-06-17 21:45:53','2026-06-17 21:45:53'),(125,'PIJAMA-MOON-AZUL','https://cdn-petthreads.nostos.com.ar/img/productos/pijama-moon-azul-2.webp',2,'2026-06-17 21:45:53','2026-06-17 21:45:53'),(126,'PIJAMA-MOON-AZUL','https://cdn-petthreads.nostos.com.ar/img/productos/pijama-moon-azul-3.webp',3,'2026-06-17 21:45:53','2026-06-17 21:45:53'),(127,'PIJAMA-MOON-VIOLETA','https://cdn-petthreads.nostos.com.ar/img/productos/pijama-moon-violeta-1.webp',1,'2026-06-17 21:45:53','2026-06-17 21:45:53'),(128,'PIJAMA-MOON-VIOLETA','https://cdn-petthreads.nostos.com.ar/img/productos/pijama-moon-violeta-2.webp',2,'2026-06-17 21:45:53','2026-06-17 21:45:53'),(129,'PIJAMA-MOON-VIOLETA','https://cdn-petthreads.nostos.com.ar/img/productos/pijama-moon-violeta-3.webp',3,'2026-06-17 21:45:53','2026-06-17 21:45:53'),(130,'CAMISETA-NAUTICAL-ROJO','https://cdn-petthreads.nostos.com.ar/img/productos/camiseta-nautical-rojo-1.webp',1,'2026-06-17 21:45:53','2026-06-17 21:45:53'),(131,'CAMISETA-NAUTICAL-ROJO','https://cdn-petthreads.nostos.com.ar/img/productos/camiseta-nautical-rojo-2.webp',2,'2026-06-17 21:45:53','2026-06-17 21:45:53'),(132,'CAMISETA-NAUTICAL-ROJO','https://cdn-petthreads.nostos.com.ar/img/productos/camiseta-nautical-rojo-3.webp',3,'2026-06-17 21:45:53','2026-06-17 21:45:53'),(133,'CAMISETA-NAUTICAL-AZUL','https://cdn-petthreads.nostos.com.ar/img/productos/camiseta-nautical-azul-1.webp',1,'2026-06-17 21:45:53','2026-06-17 21:45:53'),(134,'CAMISETA-NAUTICAL-AZUL','https://cdn-petthreads.nostos.com.ar/img/productos/camiseta-nautical-azul-2.webp',2,'2026-06-17 21:45:53','2026-06-17 21:45:53'),(135,'CAMISETA-NAUTICAL-AZUL','https://cdn-petthreads.nostos.com.ar/img/productos/camiseta-nautical-azul-3.webp',3,'2026-06-17 21:45:53','2026-06-17 21:45:53'),(136,'CAMISETA-NAUTICAL-BLANCO','https://cdn-petthreads.nostos.com.ar/img/productos/camiseta-nautical-blanco-1.webp',1,'2026-06-17 21:45:53','2026-06-17 21:45:53'),(137,'CAMISETA-NAUTICAL-BLANCO','https://cdn-petthreads.nostos.com.ar/img/productos/camiseta-nautical-blanco-2.webp',2,'2026-06-17 21:45:53','2026-06-17 21:45:53'),(138,'CAMISETA-NAUTICAL-BLANCO','https://cdn-petthreads.nostos.com.ar/img/productos/camiseta-nautical-blanco-3.webp',3,'2026-06-17 21:45:53','2026-06-17 21:45:53'),(139,'CAMISETA-NEON-NEGRO','https://cdn-petthreads.nostos.com.ar/img/productos/camiseta-neon-negro-1.webp',1,'2026-06-17 21:45:53','2026-06-17 21:45:53'),(140,'CAMISETA-NEON-NEGRO','https://cdn-petthreads.nostos.com.ar/img/productos/camiseta-neon-negro-2.webp',2,'2026-06-17 21:45:53','2026-06-17 21:45:53'),(141,'CAMISETA-NEON-NEGRO','https://cdn-petthreads.nostos.com.ar/img/productos/camiseta-neon-negro-3.webp',3,'2026-06-17 21:45:53','2026-06-17 21:45:53'),(142,'CAMISETA-NEON-AMARILLO','https://cdn-petthreads.nostos.com.ar/img/productos/camiseta-neon-amarillo-1.webp',1,'2026-06-17 21:45:53','2026-06-17 21:45:53'),(143,'CAMISETA-NEON-AMARILLO','https://cdn-petthreads.nostos.com.ar/img/productos/camiseta-neon-amarillo-2.webp',2,'2026-06-17 21:45:53','2026-06-17 21:45:53'),(144,'CAMISETA-NEON-AMARILLO','https://cdn-petthreads.nostos.com.ar/img/productos/camiseta-neon-amarillo-3.webp',3,'2026-06-17 21:45:53','2026-06-17 21:45:53'),(145,'CAMISETA-URBAN-GRIS','https://cdn-petthreads.nostos.com.ar/img/productos/camiseta-urban-gris-1.webp',1,'2026-06-17 21:45:53','2026-06-17 21:45:53'),(146,'CAMISETA-URBAN-GRIS','https://cdn-petthreads.nostos.com.ar/img/productos/camiseta-urban-gris-2.webp',2,'2026-06-17 21:45:53','2026-06-17 21:45:53'),(147,'CAMISETA-URBAN-GRIS','https://cdn-petthreads.nostos.com.ar/img/productos/camiseta-urban-gris-3.webp',3,'2026-06-17 21:45:53','2026-06-17 21:45:53'),(148,'CAMISETA-URBAN-NEGRO','https://cdn-petthreads.nostos.com.ar/img/productos/camiseta-urban-negro-1.webp',1,'2026-06-17 21:45:53','2026-06-17 21:45:53'),(149,'CAMISETA-URBAN-NEGRO','https://cdn-petthreads.nostos.com.ar/img/productos/camiseta-urban-negro-2.webp',2,'2026-06-17 21:45:53','2026-06-17 21:45:53'),(150,'CAMISETA-URBAN-NEGRO','https://cdn-petthreads.nostos.com.ar/img/productos/camiseta-urban-negro-3.webp',3,'2026-06-17 21:45:53','2026-06-17 21:45:53'),(151,'CAMISETA-SPRING-ROSA','https://cdn-petthreads.nostos.com.ar/img/productos/camiseta-spring-rosa-1.webp',1,'2026-06-17 21:45:53','2026-06-17 21:45:53'),(152,'CAMISETA-SPRING-ROSA','https://cdn-petthreads.nostos.com.ar/img/productos/camiseta-spring-rosa-2.webp',2,'2026-06-17 21:45:53','2026-06-17 21:45:53'),(153,'CAMISETA-SPRING-ROSA','https://cdn-petthreads.nostos.com.ar/img/productos/camiseta-spring-rosa-3.webp',3,'2026-06-17 21:45:53','2026-06-17 21:45:53'),(154,'CAMISETA-SPRING-BLANCO','https://cdn-petthreads.nostos.com.ar/img/productos/camiseta-spring-blanco-1.webp',1,'2026-06-17 21:45:53','2026-06-17 21:45:53'),(155,'CAMISETA-SPRING-BLANCO','https://cdn-petthreads.nostos.com.ar/img/productos/camiseta-spring-blanco-2.webp',2,'2026-06-17 21:45:53','2026-06-17 21:45:53'),(156,'CAMISETA-SPRING-BLANCO','https://cdn-petthreads.nostos.com.ar/img/productos/camiseta-spring-blanco-3.webp',3,'2026-06-17 21:45:53','2026-06-17 21:45:53'),(157,'CAMISETA-SPRING-AMARILLO','https://cdn-petthreads.nostos.com.ar/img/productos/camiseta-spring-amarillo-1.webp',1,'2026-06-17 21:45:53','2026-06-17 21:45:53'),(158,'CAMISETA-SPRING-AMARILLO','https://cdn-petthreads.nostos.com.ar/img/productos/camiseta-spring-amarillo-2.webp',2,'2026-06-17 21:45:53','2026-06-17 21:45:53'),(159,'CAMISETA-SPRING-AMARILLO','https://cdn-petthreads.nostos.com.ar/img/productos/camiseta-spring-amarillo-3.webp',3,'2026-06-17 21:45:53','2026-06-17 21:45:53'),(160,'TOY-MORDILLO-VERDE','https://cdn-petthreads.nostos.com.ar/img/productos/toy-mordillo-verde-1.webp',1,'2026-06-17 21:45:54','2026-06-17 21:45:54'),(161,'TOY-MORDILLO-VERDE','https://cdn-petthreads.nostos.com.ar/img/productos/toy-mordillo-verde-2.webp',2,'2026-06-17 21:45:54','2026-06-17 21:45:54'),(162,'TOY-MORDILLO-VERDE','https://cdn-petthreads.nostos.com.ar/img/productos/toy-mordillo-verde-3.webp',3,'2026-06-17 21:45:54','2026-06-17 21:45:54'),(163,'TOY-MORDILLO-AZUL','https://cdn-petthreads.nostos.com.ar/img/productos/toy-mordillo-azul-1.webp',1,'2026-06-17 21:45:54','2026-06-17 21:45:54'),(164,'TOY-MORDILLO-AZUL','https://cdn-petthreads.nostos.com.ar/img/productos/toy-mordillo-azul-2.webp',2,'2026-06-17 21:45:54','2026-06-17 21:45:54'),(165,'TOY-MORDILLO-AZUL','https://cdn-petthreads.nostos.com.ar/img/productos/toy-mordillo-azul-3.webp',3,'2026-06-17 21:45:54','2026-06-17 21:45:54'),(166,'TOY-MORDILLO-NARANJA','https://cdn-petthreads.nostos.com.ar/img/productos/toy-mordillo-naranja-1.webp',1,'2026-06-17 21:45:54','2026-06-17 21:45:54'),(167,'TOY-MORDILLO-NARANJA','https://cdn-petthreads.nostos.com.ar/img/productos/toy-mordillo-naranja-2.webp',2,'2026-06-17 21:45:54','2026-06-17 21:45:54'),(168,'TOY-MORDILLO-NARANJA','https://cdn-petthreads.nostos.com.ar/img/productos/toy-mordillo-naranja-3.webp',3,'2026-06-17 21:45:54','2026-06-17 21:45:54'),(169,'CORREA-RETRACTIL-NEGRO','https://cdn-petthreads.nostos.com.ar/img/productos/correa-retractil-negro-1.webp',1,'2026-06-17 21:45:54','2026-06-17 21:45:54'),(170,'CORREA-RETRACTIL-NEGRO','https://cdn-petthreads.nostos.com.ar/img/productos/correa-retractil-negro-2.webp',2,'2026-06-17 21:45:54','2026-06-17 21:45:54'),(171,'CORREA-RETRACTIL-NEGRO','https://cdn-petthreads.nostos.com.ar/img/productos/correa-retractil-negro-3.webp',3,'2026-06-17 21:45:54','2026-06-17 21:45:54'),(172,'CORREA-RETRACTIL-ROJO','https://cdn-petthreads.nostos.com.ar/img/productos/correa-retractil-rojo-1.webp',1,'2026-06-17 21:45:54','2026-06-17 21:45:54'),(173,'CORREA-RETRACTIL-ROJO','https://cdn-petthreads.nostos.com.ar/img/productos/correa-retractil-rojo-2.webp',2,'2026-06-17 21:45:54','2026-06-17 21:45:54'),(174,'CORREA-RETRACTIL-ROJO','https://cdn-petthreads.nostos.com.ar/img/productos/correa-retractil-rojo-3.webp',3,'2026-06-17 21:45:54','2026-06-17 21:45:54'),(175,'CORREA-RETRACTIL-GRIS','https://cdn-petthreads.nostos.com.ar/img/productos/correa-retractil-gris-1.webp',1,'2026-06-17 21:45:54','2026-06-17 21:45:54'),(176,'CORREA-RETRACTIL-GRIS','https://cdn-petthreads.nostos.com.ar/img/productos/correa-retractil-gris-2.webp',2,'2026-06-17 21:45:54','2026-06-17 21:45:54'),(177,'CORREA-RETRACTIL-GRIS','https://cdn-petthreads.nostos.com.ar/img/productos/correa-retractil-gris-3.webp',3,'2026-06-17 21:45:54','2026-06-17 21:45:54'),(178,'ARNES-ANTITIRON-NEGRO','https://cdn-petthreads.nostos.com.ar/img/productos/arnes-antitiron-negro-1.webp',1,'2026-06-17 21:45:54','2026-06-17 21:45:54'),(179,'ARNES-ANTITIRON-NEGRO','https://cdn-petthreads.nostos.com.ar/img/productos/arnes-antitiron-negro-2.webp',2,'2026-06-17 21:45:54','2026-06-17 21:45:54'),(180,'ARNES-ANTITIRON-NEGRO','https://cdn-petthreads.nostos.com.ar/img/productos/arnes-antitiron-negro-3.webp',3,'2026-06-17 21:45:54','2026-06-17 21:45:54'),(181,'ARNES-ANTITIRON-AZUL','https://cdn-petthreads.nostos.com.ar/img/productos/arnes-antitiron-azul-1.webp',1,'2026-06-17 21:45:54','2026-06-17 21:45:54'),(182,'ARNES-ANTITIRON-AZUL','https://cdn-petthreads.nostos.com.ar/img/productos/arnes-antitiron-azul-2.webp',2,'2026-06-17 21:45:54','2026-06-17 21:45:54'),(183,'ARNES-ANTITIRON-AZUL','https://cdn-petthreads.nostos.com.ar/img/productos/arnes-antitiron-azul-3.webp',3,'2026-06-17 21:45:54','2026-06-17 21:45:54'),(184,'ARNES-ANTITIRON-ROJO','https://cdn-petthreads.nostos.com.ar/img/productos/arnes-antitiron-rojo-1.webp',1,'2026-06-17 21:45:54','2026-06-17 21:45:54'),(185,'ARNES-ANTITIRON-ROJO','https://cdn-petthreads.nostos.com.ar/img/productos/arnes-antitiron-rojo-2.webp',2,'2026-06-17 21:45:54','2026-06-17 21:45:54'),(186,'ARNES-ANTITIRON-ROJO','https://cdn-petthreads.nostos.com.ar/img/productos/arnes-antitiron-rojo-3.webp',3,'2026-06-17 21:45:54','2026-06-17 21:45:54'),(187,'CAMA-NUBE-GRIS','https://cdn-petthreads.nostos.com.ar/img/productos/cama-nube-gris-1.webp',1,'2026-06-17 21:45:54','2026-06-17 21:45:54'),(188,'CAMA-NUBE-GRIS','https://cdn-petthreads.nostos.com.ar/img/productos/cama-nube-gris-2.webp',2,'2026-06-17 21:45:54','2026-06-17 21:45:54'),(189,'CAMA-NUBE-GRIS','https://cdn-petthreads.nostos.com.ar/img/productos/cama-nube-gris-3.webp',3,'2026-06-17 21:45:54','2026-06-17 21:45:54'),(190,'CAMA-NUBE-ROSA','https://cdn-petthreads.nostos.com.ar/img/productos/cama-nube-rosa-1.webp',1,'2026-06-17 21:45:54','2026-06-17 21:45:54'),(191,'CAMA-NUBE-ROSA','https://cdn-petthreads.nostos.com.ar/img/productos/cama-nube-rosa-2.webp',2,'2026-06-17 21:45:54','2026-06-17 21:45:54'),(192,'CAMA-NUBE-ROSA','https://cdn-petthreads.nostos.com.ar/img/productos/cama-nube-rosa-3.webp',3,'2026-06-17 21:45:54','2026-06-17 21:45:54'),(193,'CAMA-NUBE-BLANCO','https://cdn-petthreads.nostos.com.ar/img/productos/cama-nube-blanco-1.webp',1,'2026-06-17 21:45:54','2026-06-17 21:45:54'),(194,'CAMA-NUBE-BLANCO','https://cdn-petthreads.nostos.com.ar/img/productos/cama-nube-blanco-2.webp',2,'2026-06-17 21:45:54','2026-06-17 21:45:54'),(195,'CAMA-NUBE-BLANCO','https://cdn-petthreads.nostos.com.ar/img/productos/cama-nube-blanco-3.webp',3,'2026-06-17 21:45:54','2026-06-17 21:45:54');
/*!40000 ALTER TABLE `producto_imagenes` ENABLE KEYS */;
UNLOCK TABLES;

--
-- Table structure for table `productos`
--

DROP TABLE IF EXISTS `productos`;
/*!40101 SET @saved_cs_client     = @@character_set_client */;
/*!50503 SET character_set_client = utf8mb4 */;
CREATE TABLE `productos` (
  `id` bigint unsigned NOT NULL AUTO_INCREMENT,
  `categoria_id` bigint unsigned NOT NULL,
  `coleccion_id` bigint unsigned DEFAULT NULL,
  `color_id` bigint unsigned NOT NULL,
  `nombre` varchar(150) COLLATE utf8mb4_unicode_ci NOT NULL,
  `descripcion` text COLLATE utf8mb4_unicode_ci,
  `tipo_mascota` enum('perro','gato','ambos') COLLATE utf8mb4_unicode_ci NOT NULL DEFAULT 'ambos',
  `sku_base` varchar(50) COLLATE utf8mb4_unicode_ci NOT NULL,
  `sku_color` varchar(80) COLLATE utf8mb4_unicode_ci NOT NULL,
  `sku` varchar(50) COLLATE utf8mb4_unicode_ci NOT NULL,
  `talle` varchar(10) COLLATE utf8mb4_unicode_ci NOT NULL,
  `stock` int NOT NULL DEFAULT '0',
  `stock_minimo` int NOT NULL DEFAULT '0',
  `precio` decimal(10,2) NOT NULL DEFAULT '0.00',
  `favorito` tinyint(1) NOT NULL DEFAULT '0',
  `activo` tinyint(1) NOT NULL DEFAULT '1',
  `created_at` timestamp NULL DEFAULT NULL,
  `updated_at` timestamp NULL DEFAULT NULL,
  `deleted_at` timestamp NULL DEFAULT NULL,
  PRIMARY KEY (`id`),
  UNIQUE KEY `variacion_unica` (`sku_base`,`color_id`,`talle`),
  UNIQUE KEY `productos_sku_unique` (`sku`),
  KEY `productos_categoria_id_foreign` (`categoria_id`),
  KEY `productos_coleccion_id_foreign` (`coleccion_id`),
  KEY `productos_color_id_foreign` (`color_id`),
  KEY `productos_sku_base_index` (`sku_base`),
  KEY `productos_sku_color_index` (`sku_color`),
  CONSTRAINT `productos_categoria_id_foreign` FOREIGN KEY (`categoria_id`) REFERENCES `categorias` (`id`) ON DELETE RESTRICT,
  CONSTRAINT `productos_coleccion_id_foreign` FOREIGN KEY (`coleccion_id`) REFERENCES `colecciones` (`id`) ON DELETE SET NULL,
  CONSTRAINT `productos_color_id_foreign` FOREIGN KEY (`color_id`) REFERENCES `colores` (`id`) ON DELETE RESTRICT
) ENGINE=InnoDB AUTO_INCREMENT=218 DEFAULT CHARSET=utf8mb4 COLLATE=utf8mb4_unicode_ci;
/*!40101 SET character_set_client = @saved_cs_client */;

--
-- Dumping data for table `productos`
--

LOCK TABLES `productos` WRITE;
/*!40000 ALTER TABLE `productos` DISABLE KEYS */;
INSERT INTO `productos` VALUES (1,3,2,1,'Buzo \"Urban Paws\" - Rojo XS','Algodón con frisa interior, estampado continuo de huellas estilizadas.','perro','BUZO-URBAN','BUZO-URBAN-ROJO','BUZO-URBAN-ROJO-XS','XS',8,2,13500.00,0,1,'2026-06-17 21:45:50','2026-06-17 21:45:50',NULL),(2,3,2,1,'Buzo \"Urban Paws\" - Rojo S','Algodón con frisa interior, estampado continuo de huellas estilizadas.','perro','BUZO-URBAN','BUZO-URBAN-ROJO','BUZO-URBAN-ROJO-S','S',8,1,13500.00,0,1,'2026-06-17 21:45:50','2026-06-17 21:45:50',NULL),(3,3,2,1,'Buzo \"Urban Paws\" - Rojo M','Algodón con frisa interior, estampado continuo de huellas estilizadas.','perro','BUZO-URBAN','BUZO-URBAN-ROJO','BUZO-URBAN-ROJO-M','M',25,2,13500.00,0,1,'2026-06-17 21:45:50','2026-06-17 21:45:50',NULL),(4,3,2,1,'Buzo \"Urban Paws\" - Rojo L','Algodón con frisa interior, estampado continuo de huellas estilizadas.','perro','BUZO-URBAN','BUZO-URBAN-ROJO','BUZO-URBAN-ROJO-L','L',7,1,13500.00,0,1,'2026-06-17 21:45:50','2026-06-17 21:45:50',NULL),(5,3,2,2,'Buzo \"Urban Paws\" - Azul XS','Algodón con frisa interior, estampado continuo de huellas estilizadas.','perro','BUZO-URBAN','BUZO-URBAN-AZUL','BUZO-URBAN-AZUL-XS','XS',19,3,13500.00,0,1,'2026-06-17 21:45:50','2026-06-17 21:45:50',NULL),(6,3,2,2,'Buzo \"Urban Paws\" - Azul S','Algodón con frisa interior, estampado continuo de huellas estilizadas.','perro','BUZO-URBAN','BUZO-URBAN-AZUL','BUZO-URBAN-AZUL-S','S',10,2,13500.00,0,1,'2026-06-17 21:45:50','2026-06-17 21:45:50',NULL),(7,3,2,2,'Buzo \"Urban Paws\" - Azul M','Algodón con frisa interior, estampado continuo de huellas estilizadas.','perro','BUZO-URBAN','BUZO-URBAN-AZUL','BUZO-URBAN-AZUL-M','M',17,1,13500.00,0,1,'2026-06-17 21:45:50','2026-06-17 21:45:50',NULL),(8,3,2,2,'Buzo \"Urban Paws\" - Azul L','Algodón con frisa interior, estampado continuo de huellas estilizadas.','perro','BUZO-URBAN','BUZO-URBAN-AZUL','BUZO-URBAN-AZUL-L','L',18,2,13500.00,0,1,'2026-06-17 21:45:50','2026-06-17 21:45:50',NULL),(9,3,2,8,'Buzo \"Urban Paws\" - Gris XS','Algodón con frisa interior, estampado continuo de huellas estilizadas.','perro','BUZO-URBAN','BUZO-URBAN-GRIS','BUZO-URBAN-GRIS-XS','XS',7,1,13500.00,0,1,'2026-06-17 21:45:50','2026-06-17 21:45:50',NULL),(10,3,2,8,'Buzo \"Urban Paws\" - Gris S','Algodón con frisa interior, estampado continuo de huellas estilizadas.','perro','BUZO-URBAN','BUZO-URBAN-GRIS','BUZO-URBAN-GRIS-S','S',21,2,13500.00,0,1,'2026-06-17 21:45:50','2026-06-17 21:45:50',NULL),(11,3,2,8,'Buzo \"Urban Paws\" - Gris M','Algodón con frisa interior, estampado continuo de huellas estilizadas.','perro','BUZO-URBAN','BUZO-URBAN-GRIS','BUZO-URBAN-GRIS-M','M',12,3,13500.00,0,1,'2026-06-17 21:45:50','2026-06-17 21:45:50',NULL),(12,3,2,8,'Buzo \"Urban Paws\" - Gris L','Algodón con frisa interior, estampado continuo de huellas estilizadas.','perro','BUZO-URBAN','BUZO-URBAN-GRIS','BUZO-URBAN-GRIS-L','L',22,1,13500.00,0,1,'2026-06-17 21:45:50','2026-06-17 21:45:50',NULL),(13,3,2,8,'Polar \"Nordic Bear\" - Gris S','Tela polar de alto gramaje, color sólido con parche bordado.','ambos','BUZO-NORDIC','BUZO-NORDIC-GRIS','BUZO-NORDIC-GRIS-S','S',7,4,14800.00,0,1,'2026-06-17 21:45:50','2026-06-17 21:45:50',NULL),(14,3,2,8,'Polar \"Nordic Bear\" - Gris M','Tela polar de alto gramaje, color sólido con parche bordado.','ambos','BUZO-NORDIC','BUZO-NORDIC-GRIS','BUZO-NORDIC-GRIS-M','M',27,1,14800.00,0,1,'2026-06-17 21:45:50','2026-06-17 21:45:50',NULL),(15,3,2,8,'Polar \"Nordic Bear\" - Gris L','Tela polar de alto gramaje, color sólido con parche bordado.','ambos','BUZO-NORDIC','BUZO-NORDIC-GRIS','BUZO-NORDIC-GRIS-L','L',5,4,14800.00,0,1,'2026-06-17 21:45:50','2026-06-17 21:45:50',NULL),(16,3,2,6,'Polar \"Nordic Bear\" - Negro S','Tela polar de alto gramaje, color sólido con parche bordado.','ambos','BUZO-NORDIC','BUZO-NORDIC-NEGRO','BUZO-NORDIC-NEGRO-S','S',23,3,14800.00,0,1,'2026-06-17 21:45:50','2026-06-17 21:45:50',NULL),(17,3,2,6,'Polar \"Nordic Bear\" - Negro M','Tela polar de alto gramaje, color sólido con parche bordado.','ambos','BUZO-NORDIC','BUZO-NORDIC-NEGRO','BUZO-NORDIC-NEGRO-M','M',8,1,14800.00,0,1,'2026-06-17 21:45:50','2026-06-17 21:45:50',NULL),(18,3,2,6,'Polar \"Nordic Bear\" - Negro L','Tela polar de alto gramaje, color sólido con parche bordado.','ambos','BUZO-NORDIC','BUZO-NORDIC-NEGRO','BUZO-NORDIC-NEGRO-L','L',13,2,14800.00,0,1,'2026-06-17 21:45:50','2026-06-17 21:45:50',NULL),(19,3,2,2,'Polar \"Nordic Bear\" - Azul S','Tela polar de alto gramaje, color sólido con parche bordado.','ambos','BUZO-NORDIC','BUZO-NORDIC-AZUL','BUZO-NORDIC-AZUL-S','S',23,2,14800.00,0,1,'2026-06-17 21:45:50','2026-06-17 21:45:50',NULL),(20,3,2,2,'Polar \"Nordic Bear\" - Azul M','Tela polar de alto gramaje, color sólido con parche bordado.','ambos','BUZO-NORDIC','BUZO-NORDIC-AZUL','BUZO-NORDIC-AZUL-M','M',7,2,14800.00,0,1,'2026-06-17 21:45:50','2026-06-17 21:45:50',NULL),(21,3,2,2,'Polar \"Nordic Bear\" - Azul L','Tela polar de alto gramaje, color sólido con parche bordado.','ambos','BUZO-NORDIC','BUZO-NORDIC-AZUL','BUZO-NORDIC-AZUL-L','L',13,4,14800.00,0,1,'2026-06-17 21:45:50','2026-06-17 21:45:50',NULL),(22,3,4,4,'Buzo \"Sporty Paws\" - Amarillo M','Algodón rústico sin frisar, diseño bicolor con franjas laterales.','perro','BUZO-SPORTY','BUZO-SPORTY-AMARILLO','BUZO-SPORTY-AMARILLO-M','M',12,2,12900.00,0,1,'2026-06-17 21:45:50','2026-06-17 21:45:50',NULL),(23,3,4,4,'Buzo \"Sporty Paws\" - Amarillo L','Algodón rústico sin frisar, diseño bicolor con franjas laterales.','perro','BUZO-SPORTY','BUZO-SPORTY-AMARILLO','BUZO-SPORTY-AMARILLO-L','L',22,1,12900.00,0,1,'2026-06-17 21:45:50','2026-06-17 21:45:50',NULL),(24,3,4,4,'Buzo \"Sporty Paws\" - Amarillo XL','Algodón rústico sin frisar, diseño bicolor con franjas laterales.','perro','BUZO-SPORTY','BUZO-SPORTY-AMARILLO','BUZO-SPORTY-AMARILLO-XL','XL',24,4,12900.00,0,1,'2026-06-17 21:45:50','2026-06-17 21:45:50',NULL),(25,3,4,1,'Buzo \"Sporty Paws\" - Rojo M','Algodón rústico sin frisar, diseño bicolor con franjas laterales.','perro','BUZO-SPORTY','BUZO-SPORTY-ROJO','BUZO-SPORTY-ROJO-M','M',21,4,12900.00,0,1,'2026-06-17 21:45:50','2026-06-17 21:45:50',NULL),(26,3,4,1,'Buzo \"Sporty Paws\" - Rojo L','Algodón rústico sin frisar, diseño bicolor con franjas laterales.','perro','BUZO-SPORTY','BUZO-SPORTY-ROJO','BUZO-SPORTY-ROJO-L','L',13,2,12900.00,0,1,'2026-06-17 21:45:50','2026-06-17 21:45:50',NULL),(27,3,4,1,'Buzo \"Sporty Paws\" - Rojo XL','Algodón rústico sin frisar, diseño bicolor con franjas laterales.','perro','BUZO-SPORTY','BUZO-SPORTY-ROJO','BUZO-SPORTY-ROJO-XL','XL',16,4,12900.00,0,1,'2026-06-17 21:45:50','2026-06-17 21:45:50',NULL),(28,3,3,10,'Buzo \"Galaxy Tie-Dye\" - Violeta XS','Algodón elastizado con teñido artesanal patrón galaxia.','gato','BUZO-GALAXY','BUZO-GALAXY-VIOLETA','BUZO-GALAXY-VIOLETA-XS','XS',8,1,11500.00,0,1,'2026-06-17 21:45:50','2026-06-17 21:45:50',NULL),(29,3,3,10,'Buzo \"Galaxy Tie-Dye\" - Violeta S','Algodón elastizado con teñido artesanal patrón galaxia.','gato','BUZO-GALAXY','BUZO-GALAXY-VIOLETA','BUZO-GALAXY-VIOLETA-S','S',16,4,11500.00,0,1,'2026-06-17 21:45:50','2026-06-17 21:45:50',NULL),(30,3,3,10,'Buzo \"Galaxy Tie-Dye\" - Violeta M','Algodón elastizado con teñido artesanal patrón galaxia.','gato','BUZO-GALAXY','BUZO-GALAXY-VIOLETA','BUZO-GALAXY-VIOLETA-M','M',26,4,11500.00,0,1,'2026-06-17 21:45:50','2026-06-17 21:45:50',NULL),(31,3,3,5,'Buzo \"Galaxy Tie-Dye\" - Rosa XS','Algodón elastizado con teñido artesanal patrón galaxia.','gato','BUZO-GALAXY','BUZO-GALAXY-ROSA','BUZO-GALAXY-ROSA-XS','XS',19,2,11500.00,0,1,'2026-06-17 21:45:50','2026-06-17 21:45:50',NULL),(32,3,3,5,'Buzo \"Galaxy Tie-Dye\" - Rosa S','Algodón elastizado con teñido artesanal patrón galaxia.','gato','BUZO-GALAXY','BUZO-GALAXY-ROSA','BUZO-GALAXY-ROSA-S','S',15,4,11500.00,0,1,'2026-06-17 21:45:50','2026-06-17 21:45:50',NULL),(33,3,3,5,'Buzo \"Galaxy Tie-Dye\" - Rosa M','Algodón elastizado con teñido artesanal patrón galaxia.','gato','BUZO-GALAXY','BUZO-GALAXY-ROSA','BUZO-GALAXY-ROSA-M','M',24,4,11500.00,0,1,'2026-06-17 21:45:50','2026-06-17 21:45:50',NULL),(34,3,3,2,'Buzo \"Galaxy Tie-Dye\" - Azul XS','Algodón elastizado con teñido artesanal patrón galaxia.','gato','BUZO-GALAXY','BUZO-GALAXY-AZUL','BUZO-GALAXY-AZUL-XS','XS',23,3,11500.00,0,1,'2026-06-17 21:45:50','2026-06-17 21:45:50',NULL),(35,3,3,2,'Buzo \"Galaxy Tie-Dye\" - Azul S','Algodón elastizado con teñido artesanal patrón galaxia.','gato','BUZO-GALAXY','BUZO-GALAXY-AZUL','BUZO-GALAXY-AZUL-S','S',28,1,11500.00,0,1,'2026-06-17 21:45:50','2026-06-17 21:45:50',NULL),(36,3,3,2,'Buzo \"Galaxy Tie-Dye\" - Azul M','Algodón elastizado con teñido artesanal patrón galaxia.','gato','BUZO-GALAXY','BUZO-GALAXY-AZUL','BUZO-GALAXY-AZUL-M','M',27,4,11500.00,0,1,'2026-06-17 21:45:50','2026-06-17 21:45:50',NULL),(37,4,2,1,'Suéter \"Classic Aspen\" - Rojo S','Lana acrílica gruesa, patrón de trenzas en relieve, color entero.','perro','SUETER-ASPEN','SUETER-ASPEN-ROJO','SUETER-ASPEN-ROJO-S','S',5,2,15500.00,0,1,'2026-06-17 21:45:51','2026-06-17 21:45:51',NULL),(38,4,2,1,'Suéter \"Classic Aspen\" - Rojo M','Lana acrílica gruesa, patrón de trenzas en relieve, color entero.','perro','SUETER-ASPEN','SUETER-ASPEN-ROJO','SUETER-ASPEN-ROJO-M','M',12,4,15500.00,0,1,'2026-06-17 21:45:51','2026-06-17 21:45:51',NULL),(39,4,2,1,'Suéter \"Classic Aspen\" - Rojo L','Lana acrílica gruesa, patrón de trenzas en relieve, color entero.','perro','SUETER-ASPEN','SUETER-ASPEN-ROJO','SUETER-ASPEN-ROJO-L','L',14,1,15500.00,0,1,'2026-06-17 21:45:51','2026-06-17 21:45:51',NULL),(40,4,2,1,'Suéter \"Classic Aspen\" - Rojo XL','Lana acrílica gruesa, patrón de trenzas en relieve, color entero.','perro','SUETER-ASPEN','SUETER-ASPEN-ROJO','SUETER-ASPEN-ROJO-XL','XL',11,1,15500.00,0,1,'2026-06-17 21:45:51','2026-06-17 21:45:51',NULL),(41,4,2,8,'Suéter \"Classic Aspen\" - Gris S','Lana acrílica gruesa, patrón de trenzas en relieve, color entero.','perro','SUETER-ASPEN','SUETER-ASPEN-GRIS','SUETER-ASPEN-GRIS-S','S',29,2,15500.00,0,1,'2026-06-17 21:45:51','2026-06-17 21:45:51',NULL),(42,4,2,8,'Suéter \"Classic Aspen\" - Gris M','Lana acrílica gruesa, patrón de trenzas en relieve, color entero.','perro','SUETER-ASPEN','SUETER-ASPEN-GRIS','SUETER-ASPEN-GRIS-M','M',6,1,15500.00,0,1,'2026-06-17 21:45:51','2026-06-17 21:45:51',NULL),(43,4,2,8,'Suéter \"Classic Aspen\" - Gris L','Lana acrílica gruesa, patrón de trenzas en relieve, color entero.','perro','SUETER-ASPEN','SUETER-ASPEN-GRIS','SUETER-ASPEN-GRIS-L','L',21,1,15500.00,0,1,'2026-06-17 21:45:51','2026-06-17 21:45:51',NULL),(44,4,2,8,'Suéter \"Classic Aspen\" - Gris XL','Lana acrílica gruesa, patrón de trenzas en relieve, color entero.','perro','SUETER-ASPEN','SUETER-ASPEN-GRIS','SUETER-ASPEN-GRIS-XL','XL',25,1,15500.00,0,1,'2026-06-17 21:45:51','2026-06-17 21:45:51',NULL),(45,4,2,3,'Suéter \"Classic Aspen\" - Verde S','Lana acrílica gruesa, patrón de trenzas en relieve, color entero.','perro','SUETER-ASPEN','SUETER-ASPEN-VERDE','SUETER-ASPEN-VERDE-S','S',29,4,15500.00,0,1,'2026-06-17 21:45:51','2026-06-17 21:45:51',NULL),(46,4,2,3,'Suéter \"Classic Aspen\" - Verde M','Lana acrílica gruesa, patrón de trenzas en relieve, color entero.','perro','SUETER-ASPEN','SUETER-ASPEN-VERDE','SUETER-ASPEN-VERDE-M','M',30,4,15500.00,0,1,'2026-06-17 21:45:51','2026-06-17 21:45:51',NULL),(47,4,2,3,'Suéter \"Classic Aspen\" - Verde L','Lana acrílica gruesa, patrón de trenzas en relieve, color entero.','perro','SUETER-ASPEN','SUETER-ASPEN-VERDE','SUETER-ASPEN-VERDE-L','L',10,1,15500.00,0,1,'2026-06-17 21:45:51','2026-06-17 21:45:51',NULL),(48,4,2,3,'Suéter \"Classic Aspen\" - Verde XL','Lana acrílica gruesa, patrón de trenzas en relieve, color entero.','perro','SUETER-ASPEN','SUETER-ASPEN-VERDE','SUETER-ASPEN-VERDE-XL','XL',28,2,15500.00,0,1,'2026-06-17 21:45:51','2026-06-17 21:45:51',NULL),(49,4,2,1,'Suéter \"Scottish Plaid\" - Rojo XS','Hilo de algodón peinado, patrón tartán tradicional.','ambos','SUETER-SCOTTISH','SUETER-SCOTTISH-ROJO','SUETER-SCOTTISH-ROJO-XS','XS',29,3,16200.00,0,1,'2026-06-17 21:45:51','2026-06-17 21:45:51',NULL),(50,4,2,1,'Suéter \"Scottish Plaid\" - Rojo S','Hilo de algodón peinado, patrón tartán tradicional.','ambos','SUETER-SCOTTISH','SUETER-SCOTTISH-ROJO','SUETER-SCOTTISH-ROJO-S','S',29,4,16200.00,0,1,'2026-06-17 21:45:51','2026-06-17 21:45:51',NULL),(51,4,2,1,'Suéter \"Scottish Plaid\" - Rojo M','Hilo de algodón peinado, patrón tartán tradicional.','ambos','SUETER-SCOTTISH','SUETER-SCOTTISH-ROJO','SUETER-SCOTTISH-ROJO-M','M',15,4,16200.00,0,1,'2026-06-17 21:45:51','2026-06-17 21:45:51',NULL),(52,4,2,1,'Suéter \"Scottish Plaid\" - Rojo L','Hilo de algodón peinado, patrón tartán tradicional.','ambos','SUETER-SCOTTISH','SUETER-SCOTTISH-ROJO','SUETER-SCOTTISH-ROJO-L','L',5,1,16200.00,0,1,'2026-06-17 21:45:51','2026-06-17 21:45:51',NULL),(53,4,2,2,'Suéter \"Scottish Plaid\" - Azul XS','Hilo de algodón peinado, patrón tartán tradicional.','ambos','SUETER-SCOTTISH','SUETER-SCOTTISH-AZUL','SUETER-SCOTTISH-AZUL-XS','XS',12,4,16200.00,0,1,'2026-06-17 21:45:51','2026-06-17 21:45:51',NULL),(54,4,2,2,'Suéter \"Scottish Plaid\" - Azul S','Hilo de algodón peinado, patrón tartán tradicional.','ambos','SUETER-SCOTTISH','SUETER-SCOTTISH-AZUL','SUETER-SCOTTISH-AZUL-S','S',13,4,16200.00,0,1,'2026-06-17 21:45:51','2026-06-17 21:45:51',NULL),(55,4,2,2,'Suéter \"Scottish Plaid\" - Azul M','Hilo de algodón peinado, patrón tartán tradicional.','ambos','SUETER-SCOTTISH','SUETER-SCOTTISH-AZUL','SUETER-SCOTTISH-AZUL-M','M',26,4,16200.00,0,1,'2026-06-17 21:45:51','2026-06-17 21:45:51',NULL),(56,4,2,2,'Suéter \"Scottish Plaid\" - Azul L','Hilo de algodón peinado, patrón tartán tradicional.','ambos','SUETER-SCOTTISH','SUETER-SCOTTISH-AZUL','SUETER-SCOTTISH-AZUL-L','L',13,2,16200.00,0,1,'2026-06-17 21:45:51','2026-06-17 21:45:51',NULL),(57,4,2,3,'Jacquard \"Winter Woods\" - Verde M','Tejido de punto cerrado con motivos invernales (pinos y copos).','perro','SUETER-WINTER','SUETER-WINTER-VERDE','SUETER-WINTER-VERDE-M','M',7,3,17500.00,0,1,'2026-06-17 21:45:51','2026-06-17 21:45:51',NULL),(58,4,2,3,'Jacquard \"Winter Woods\" - Verde L','Tejido de punto cerrado con motivos invernales (pinos y copos).','perro','SUETER-WINTER','SUETER-WINTER-VERDE','SUETER-WINTER-VERDE-L','L',30,2,17500.00,0,1,'2026-06-17 21:45:51','2026-06-17 21:45:51',NULL),(59,4,2,3,'Jacquard \"Winter Woods\" - Verde XL','Tejido de punto cerrado con motivos invernales (pinos y copos).','perro','SUETER-WINTER','SUETER-WINTER-VERDE','SUETER-WINTER-VERDE-XL','XL',16,3,17500.00,0,1,'2026-06-17 21:45:51','2026-06-17 21:45:51',NULL),(60,4,2,8,'Jacquard \"Winter Woods\" - Gris M','Tejido de punto cerrado con motivos invernales (pinos y copos).','perro','SUETER-WINTER','SUETER-WINTER-GRIS','SUETER-WINTER-GRIS-M','M',23,3,17500.00,0,1,'2026-06-17 21:45:51','2026-06-17 21:45:51',NULL),(61,4,2,8,'Jacquard \"Winter Woods\" - Gris L','Tejido de punto cerrado con motivos invernales (pinos y copos).','perro','SUETER-WINTER','SUETER-WINTER-GRIS','SUETER-WINTER-GRIS-L','L',11,1,17500.00,0,1,'2026-06-17 21:45:51','2026-06-17 21:45:51',NULL),(62,4,2,8,'Jacquard \"Winter Woods\" - Gris XL','Tejido de punto cerrado con motivos invernales (pinos y copos).','perro','SUETER-WINTER','SUETER-WINTER-GRIS','SUETER-WINTER-GRIS-XL','XL',13,4,17500.00,0,1,'2026-06-17 21:45:51','2026-06-17 21:45:51',NULL),(63,4,2,1,'Jacquard \"Winter Woods\" - Rojo M','Tejido de punto cerrado con motivos invernales (pinos y copos).','perro','SUETER-WINTER','SUETER-WINTER-ROJO','SUETER-WINTER-ROJO-M','M',28,3,17500.00,0,1,'2026-06-17 21:45:51','2026-06-17 21:45:51',NULL),(64,4,2,1,'Jacquard \"Winter Woods\" - Rojo L','Tejido de punto cerrado con motivos invernales (pinos y copos).','perro','SUETER-WINTER','SUETER-WINTER-ROJO','SUETER-WINTER-ROJO-L','L',27,2,17500.00,0,1,'2026-06-17 21:45:51','2026-06-17 21:45:51',NULL),(65,4,2,1,'Jacquard \"Winter Woods\" - Rojo XL','Tejido de punto cerrado con motivos invernales (pinos y copos).','perro','SUETER-WINTER','SUETER-WINTER-ROJO','SUETER-WINTER-ROJO-XL','XL',27,2,17500.00,0,1,'2026-06-17 21:45:51','2026-06-17 21:45:51',NULL),(66,5,5,6,'Pechera Acolchada \"City Walk\" - Negro S','Exterior de nylon matelaseado en rombos, interior forrado.','ambos','PECHERA-CITY','PECHERA-CITY-NEGRO','PECHERA-CITY-NEGRO-S','S',27,1,19500.00,0,1,'2026-06-17 21:45:51','2026-06-17 21:45:51',NULL),(67,5,5,6,'Pechera Acolchada \"City Walk\" - Negro M','Exterior de nylon matelaseado en rombos, interior forrado.','ambos','PECHERA-CITY','PECHERA-CITY-NEGRO','PECHERA-CITY-NEGRO-M','M',22,3,19500.00,0,1,'2026-06-17 21:45:51','2026-06-17 21:45:51',NULL),(68,5,5,6,'Pechera Acolchada \"City Walk\" - Negro L','Exterior de nylon matelaseado en rombos, interior forrado.','ambos','PECHERA-CITY','PECHERA-CITY-NEGRO','PECHERA-CITY-NEGRO-L','L',26,4,19500.00,0,1,'2026-06-17 21:45:51','2026-06-17 21:45:51',NULL),(69,5,5,2,'Pechera Acolchada \"City Walk\" - Azul S','Exterior de nylon matelaseado en rombos, interior forrado.','ambos','PECHERA-CITY','PECHERA-CITY-AZUL','PECHERA-CITY-AZUL-S','S',26,3,19500.00,0,1,'2026-06-17 21:45:51','2026-06-17 21:45:51',NULL),(70,5,5,2,'Pechera Acolchada \"City Walk\" - Azul M','Exterior de nylon matelaseado en rombos, interior forrado.','ambos','PECHERA-CITY','PECHERA-CITY-AZUL','PECHERA-CITY-AZUL-M','M',20,3,19500.00,0,1,'2026-06-17 21:45:51','2026-06-17 21:45:51',NULL),(71,5,5,2,'Pechera Acolchada \"City Walk\" - Azul L','Exterior de nylon matelaseado en rombos, interior forrado.','ambos','PECHERA-CITY','PECHERA-CITY-AZUL','PECHERA-CITY-AZUL-L','L',20,4,19500.00,0,1,'2026-06-17 21:45:51','2026-06-17 21:45:51',NULL),(72,5,5,1,'Pechera Acolchada \"City Walk\" - Rojo S','Exterior de nylon matelaseado en rombos, interior forrado.','ambos','PECHERA-CITY','PECHERA-CITY-ROJO','PECHERA-CITY-ROJO-S','S',12,2,19500.00,0,1,'2026-06-17 21:45:51','2026-06-17 21:45:51',NULL),(73,5,5,1,'Pechera Acolchada \"City Walk\" - Rojo M','Exterior de nylon matelaseado en rombos, interior forrado.','ambos','PECHERA-CITY','PECHERA-CITY-ROJO','PECHERA-CITY-ROJO-M','M',26,1,19500.00,0,1,'2026-06-17 21:45:51','2026-06-17 21:45:51',NULL),(74,5,5,1,'Pechera Acolchada \"City Walk\" - Rojo L','Exterior de nylon matelaseado en rombos, interior forrado.','ambos','PECHERA-CITY','PECHERA-CITY-ROJO','PECHERA-CITY-ROJO-L','L',15,1,19500.00,0,1,'2026-06-17 21:45:51','2026-06-17 21:45:51',NULL),(75,5,2,7,'Pechera \"Cozy Fleece\" - Blanco M','Exterior e interior en tela corderito sintético, herrajes reforzados.','perro','PECHERA-COZY','PECHERA-COZY-BLANCO','PECHERA-COZY-BLANCO-M','M',15,4,21000.00,0,1,'2026-06-17 21:45:51','2026-06-17 21:45:51',NULL),(76,5,2,7,'Pechera \"Cozy Fleece\" - Blanco L','Exterior e interior en tela corderito sintético, herrajes reforzados.','perro','PECHERA-COZY','PECHERA-COZY-BLANCO','PECHERA-COZY-BLANCO-L','L',20,4,21000.00,0,1,'2026-06-17 21:45:51','2026-06-17 21:45:51',NULL),(77,5,2,7,'Pechera \"Cozy Fleece\" - Blanco XL','Exterior e interior en tela corderito sintético, herrajes reforzados.','perro','PECHERA-COZY','PECHERA-COZY-BLANCO','PECHERA-COZY-BLANCO-XL','XL',5,4,21000.00,0,1,'2026-06-17 21:45:51','2026-06-17 21:45:51',NULL),(78,5,2,8,'Pechera \"Cozy Fleece\" - Gris M','Exterior e interior en tela corderito sintético, herrajes reforzados.','perro','PECHERA-COZY','PECHERA-COZY-GRIS','PECHERA-COZY-GRIS-M','M',5,1,21000.00,0,1,'2026-06-17 21:45:51','2026-06-17 21:45:51',NULL),(79,5,2,8,'Pechera \"Cozy Fleece\" - Gris L','Exterior e interior en tela corderito sintético, herrajes reforzados.','perro','PECHERA-COZY','PECHERA-COZY-GRIS','PECHERA-COZY-GRIS-L','L',13,3,21000.00,0,1,'2026-06-17 21:45:51','2026-06-17 21:45:51',NULL),(80,5,2,8,'Pechera \"Cozy Fleece\" - Gris XL','Exterior e interior en tela corderito sintético, herrajes reforzados.','perro','PECHERA-COZY','PECHERA-COZY-GRIS','PECHERA-COZY-GRIS-XL','XL',23,2,21000.00,0,1,'2026-06-17 21:45:51','2026-06-17 21:45:51',NULL),(81,5,5,2,'Pechera \"Denim & Polar\" - Azul S','Pechera reversible, un lado en tela de jean flexible, reverso en micropolar liso.','ambos','PECHERA-REVERSIBLE','PECHERA-REVERSIBLE-AZUL','PECHERA-REVERSIBLE-AZUL-S','S',11,3,18500.00,0,1,'2026-06-17 21:45:51','2026-06-17 21:45:51',NULL),(82,5,5,2,'Pechera \"Denim & Polar\" - Azul M','Pechera reversible, un lado en tela de jean flexible, reverso en micropolar liso.','ambos','PECHERA-REVERSIBLE','PECHERA-REVERSIBLE-AZUL','PECHERA-REVERSIBLE-AZUL-M','M',16,1,18500.00,0,1,'2026-06-17 21:45:51','2026-06-17 21:45:51',NULL),(83,5,5,2,'Pechera \"Denim & Polar\" - Azul L','Pechera reversible, un lado en tela de jean flexible, reverso en micropolar liso.','ambos','PECHERA-REVERSIBLE','PECHERA-REVERSIBLE-AZUL','PECHERA-REVERSIBLE-AZUL-L','L',5,3,18500.00,0,1,'2026-06-17 21:45:51','2026-06-17 21:45:51',NULL),(84,5,5,2,'Pechera \"Denim & Polar\" - Azul XL','Pechera reversible, un lado en tela de jean flexible, reverso en micropolar liso.','ambos','PECHERA-REVERSIBLE','PECHERA-REVERSIBLE-AZUL','PECHERA-REVERSIBLE-AZUL-XL','XL',28,4,18500.00,0,1,'2026-06-17 21:45:52','2026-06-17 21:45:52',NULL),(85,5,5,8,'Pechera \"Denim & Polar\" - Gris S','Pechera reversible, un lado en tela de jean flexible, reverso en micropolar liso.','ambos','PECHERA-REVERSIBLE','PECHERA-REVERSIBLE-GRIS','PECHERA-REVERSIBLE-GRIS-S','S',28,4,18500.00,0,1,'2026-06-17 21:45:52','2026-06-17 21:45:52',NULL),(86,5,5,8,'Pechera \"Denim & Polar\" - Gris M','Pechera reversible, un lado en tela de jean flexible, reverso en micropolar liso.','ambos','PECHERA-REVERSIBLE','PECHERA-REVERSIBLE-GRIS','PECHERA-REVERSIBLE-GRIS-M','M',7,3,18500.00,0,1,'2026-06-17 21:45:52','2026-06-17 21:45:52',NULL),(87,5,5,8,'Pechera \"Denim & Polar\" - Gris L','Pechera reversible, un lado en tela de jean flexible, reverso en micropolar liso.','ambos','PECHERA-REVERSIBLE','PECHERA-REVERSIBLE-GRIS','PECHERA-REVERSIBLE-GRIS-L','L',30,3,18500.00,0,1,'2026-06-17 21:45:52','2026-06-17 21:45:52',NULL),(88,5,5,8,'Pechera \"Denim & Polar\" - Gris XL','Pechera reversible, un lado en tela de jean flexible, reverso en micropolar liso.','ambos','PECHERA-REVERSIBLE','PECHERA-REVERSIBLE-GRIS','PECHERA-REVERSIBLE-GRIS-XL','XL',23,3,18500.00,0,1,'2026-06-17 21:45:52','2026-06-17 21:45:52',NULL),(89,5,5,6,'Pechera \"Denim & Polar\" - Negro S','Pechera reversible, un lado en tela de jean flexible, reverso en micropolar liso.','ambos','PECHERA-REVERSIBLE','PECHERA-REVERSIBLE-NEGRO','PECHERA-REVERSIBLE-NEGRO-S','S',8,2,18500.00,0,1,'2026-06-17 21:45:52','2026-06-17 21:45:52',NULL),(90,5,5,6,'Pechera \"Denim & Polar\" - Negro M','Pechera reversible, un lado en tela de jean flexible, reverso en micropolar liso.','ambos','PECHERA-REVERSIBLE','PECHERA-REVERSIBLE-NEGRO','PECHERA-REVERSIBLE-NEGRO-M','M',22,2,18500.00,0,1,'2026-06-17 21:45:52','2026-06-17 21:45:52',NULL),(91,5,5,6,'Pechera \"Denim & Polar\" - Negro L','Pechera reversible, un lado en tela de jean flexible, reverso en micropolar liso.','ambos','PECHERA-REVERSIBLE','PECHERA-REVERSIBLE-NEGRO','PECHERA-REVERSIBLE-NEGRO-L','L',8,1,18500.00,0,1,'2026-06-17 21:45:52','2026-06-17 21:45:52',NULL),(92,5,5,6,'Pechera \"Denim & Polar\" - Negro XL','Pechera reversible, un lado en tela de jean flexible, reverso en micropolar liso.','ambos','PECHERA-REVERSIBLE','PECHERA-REVERSIBLE-NEGRO','PECHERA-REVERSIBLE-NEGRO-XL','XL',18,1,18500.00,0,1,'2026-06-17 21:45:52','2026-06-17 21:45:52',NULL),(93,6,3,1,'Rompevientos \"Storm Walker\" - Rojo S','Tela siré resistente al agua con bandas reflectivas de alta visibilidad.','perro','IMP-STORM','IMP-STORM-ROJO','IMP-STORM-ROJO-S','S',15,2,22000.00,0,1,'2026-06-17 21:45:52','2026-06-17 21:45:52',NULL),(94,6,3,1,'Rompevientos \"Storm Walker\" - Rojo M','Tela siré resistente al agua con bandas reflectivas de alta visibilidad.','perro','IMP-STORM','IMP-STORM-ROJO','IMP-STORM-ROJO-M','M',10,2,22000.00,0,1,'2026-06-17 21:45:52','2026-06-17 21:45:52',NULL),(95,6,3,1,'Rompevientos \"Storm Walker\" - Rojo L','Tela siré resistente al agua con bandas reflectivas de alta visibilidad.','perro','IMP-STORM','IMP-STORM-ROJO','IMP-STORM-ROJO-L','L',22,4,22000.00,0,1,'2026-06-17 21:45:52','2026-06-17 21:45:52',NULL),(96,6,3,1,'Rompevientos \"Storm Walker\" - Rojo XL','Tela siré resistente al agua con bandas reflectivas de alta visibilidad.','perro','IMP-STORM','IMP-STORM-ROJO','IMP-STORM-ROJO-XL','XL',5,2,22000.00,0,1,'2026-06-17 21:45:52','2026-06-17 21:45:52',NULL),(97,6,3,4,'Rompevientos \"Storm Walker\" - Amarillo S','Tela siré resistente al agua con bandas reflectivas de alta visibilidad.','perro','IMP-STORM','IMP-STORM-AMARILLO','IMP-STORM-AMARILLO-S','S',25,1,22000.00,0,1,'2026-06-17 21:45:52','2026-06-17 21:45:52',NULL),(98,6,3,4,'Rompevientos \"Storm Walker\" - Amarillo M','Tela siré resistente al agua con bandas reflectivas de alta visibilidad.','perro','IMP-STORM','IMP-STORM-AMARILLO','IMP-STORM-AMARILLO-M','M',6,1,22000.00,0,1,'2026-06-17 21:45:52','2026-06-17 21:45:52',NULL),(99,6,3,4,'Rompevientos \"Storm Walker\" - Amarillo L','Tela siré resistente al agua con bandas reflectivas de alta visibilidad.','perro','IMP-STORM','IMP-STORM-AMARILLO','IMP-STORM-AMARILLO-L','L',21,1,22000.00,0,1,'2026-06-17 21:45:52','2026-06-17 21:45:52',NULL),(100,6,3,4,'Rompevientos \"Storm Walker\" - Amarillo XL','Tela siré resistente al agua con bandas reflectivas de alta visibilidad.','perro','IMP-STORM','IMP-STORM-AMARILLO','IMP-STORM-AMARILLO-XL','XL',26,3,22000.00,0,1,'2026-06-17 21:45:52','2026-06-17 21:45:52',NULL),(101,6,3,2,'Rompevientos \"Storm Walker\" - Azul S','Tela siré resistente al agua con bandas reflectivas de alta visibilidad.','perro','IMP-STORM','IMP-STORM-AZUL','IMP-STORM-AZUL-S','S',13,3,22000.00,0,1,'2026-06-17 21:45:52','2026-06-17 21:45:52',NULL),(102,6,3,2,'Rompevientos \"Storm Walker\" - Azul M','Tela siré resistente al agua con bandas reflectivas de alta visibilidad.','perro','IMP-STORM','IMP-STORM-AZUL','IMP-STORM-AZUL-M','M',27,1,22000.00,0,1,'2026-06-17 21:45:52','2026-06-17 21:45:52',NULL),(103,6,3,2,'Rompevientos \"Storm Walker\" - Azul L','Tela siré resistente al agua con bandas reflectivas de alta visibilidad.','perro','IMP-STORM','IMP-STORM-AZUL','IMP-STORM-AZUL-L','L',11,3,22000.00,0,1,'2026-06-17 21:45:52','2026-06-17 21:45:52',NULL),(104,6,3,2,'Rompevientos \"Storm Walker\" - Azul XL','Tela siré resistente al agua con bandas reflectivas de alta visibilidad.','perro','IMP-STORM','IMP-STORM-AZUL','IMP-STORM-AZUL-XL','XL',9,4,22000.00,0,1,'2026-06-17 21:45:52','2026-06-17 21:45:52',NULL),(105,6,3,4,'Piloto \"Yellow Ducklings\" - Amarillo XS','PVC translúcido impermeable con estampado de figuras geométricas amarillas.','ambos','IMP-YELLOW','IMP-YELLOW-AMARILLO','IMP-YELLOW-AMARILLO-XS','XS',29,1,19900.00,0,1,'2026-06-17 21:45:52','2026-06-17 21:45:52',NULL),(106,6,3,4,'Piloto \"Yellow Ducklings\" - Amarillo S','PVC translúcido impermeable con estampado de figuras geométricas amarillas.','ambos','IMP-YELLOW','IMP-YELLOW-AMARILLO','IMP-YELLOW-AMARILLO-S','S',25,2,19900.00,0,1,'2026-06-17 21:45:52','2026-06-17 21:45:52',NULL),(107,6,3,4,'Piloto \"Yellow Ducklings\" - Amarillo M','PVC translúcido impermeable con estampado de figuras geométricas amarillas.','ambos','IMP-YELLOW','IMP-YELLOW-AMARILLO','IMP-YELLOW-AMARILLO-M','M',9,4,19900.00,0,1,'2026-06-17 21:45:52','2026-06-17 21:45:52',NULL),(108,6,3,7,'Piloto \"Yellow Ducklings\" - Blanco XS','PVC translúcido impermeable con estampado de figuras geométricas amarillas.','ambos','IMP-YELLOW','IMP-YELLOW-BLANCO','IMP-YELLOW-BLANCO-XS','XS',7,4,19900.00,0,1,'2026-06-17 21:45:52','2026-06-17 21:45:52',NULL),(109,6,3,7,'Piloto \"Yellow Ducklings\" - Blanco S','PVC translúcido impermeable con estampado de figuras geométricas amarillas.','ambos','IMP-YELLOW','IMP-YELLOW-BLANCO','IMP-YELLOW-BLANCO-S','S',25,1,19900.00,0,1,'2026-06-17 21:45:52','2026-06-17 21:45:52',NULL),(110,6,3,7,'Piloto \"Yellow Ducklings\" - Blanco M','PVC translúcido impermeable con estampado de figuras geométricas amarillas.','ambos','IMP-YELLOW','IMP-YELLOW-BLANCO','IMP-YELLOW-BLANCO-M','M',28,2,19900.00,0,1,'2026-06-17 21:45:52','2026-06-17 21:45:52',NULL),(111,6,2,6,'Impermeable \"Drizzle Shield\" - Negro M','Exterior engomado mate, forro interno en algodón a rayas.','perro','IMP-DRIZZLE','IMP-DRIZZLE-NEGRO','IMP-DRIZZLE-NEGRO-M','M',9,3,24500.00,0,1,'2026-06-17 21:45:52','2026-06-17 21:45:52',NULL),(112,6,2,6,'Impermeable \"Drizzle Shield\" - Negro L','Exterior engomado mate, forro interno en algodón a rayas.','perro','IMP-DRIZZLE','IMP-DRIZZLE-NEGRO','IMP-DRIZZLE-NEGRO-L','L',20,3,24500.00,0,1,'2026-06-17 21:45:52','2026-06-17 21:45:52',NULL),(113,6,2,6,'Impermeable \"Drizzle Shield\" - Negro XL','Exterior engomado mate, forro interno en algodón a rayas.','perro','IMP-DRIZZLE','IMP-DRIZZLE-NEGRO','IMP-DRIZZLE-NEGRO-XL','XL',21,4,24500.00,0,1,'2026-06-17 21:45:52','2026-06-17 21:45:52',NULL),(114,6,2,4,'Impermeable \"Drizzle Shield\" - Amarillo M','Exterior engomado mate, forro interno en algodón a rayas.','perro','IMP-DRIZZLE','IMP-DRIZZLE-AMARILLO','IMP-DRIZZLE-AMARILLO-M','M',7,3,24500.00,0,1,'2026-06-17 21:45:52','2026-06-17 21:45:52',NULL),(115,6,2,4,'Impermeable \"Drizzle Shield\" - Amarillo L','Exterior engomado mate, forro interno en algodón a rayas.','perro','IMP-DRIZZLE','IMP-DRIZZLE-AMARILLO','IMP-DRIZZLE-AMARILLO-L','L',28,1,24500.00,0,1,'2026-06-17 21:45:52','2026-06-17 21:45:52',NULL),(116,6,2,4,'Impermeable \"Drizzle Shield\" - Amarillo XL','Exterior engomado mate, forro interno en algodón a rayas.','perro','IMP-DRIZZLE','IMP-DRIZZLE-AMARILLO','IMP-DRIZZLE-AMARILLO-XL','XL',20,4,24500.00,0,1,'2026-06-17 21:45:52','2026-06-17 21:45:52',NULL),(117,6,2,1,'Impermeable \"Drizzle Shield\" - Rojo M','Exterior engomado mate, forro interno en algodón a rayas.','perro','IMP-DRIZZLE','IMP-DRIZZLE-ROJO','IMP-DRIZZLE-ROJO-M','M',15,1,24500.00,0,1,'2026-06-17 21:45:52','2026-06-17 21:45:52',NULL),(118,6,2,1,'Impermeable \"Drizzle Shield\" - Rojo L','Exterior engomado mate, forro interno en algodón a rayas.','perro','IMP-DRIZZLE','IMP-DRIZZLE-ROJO','IMP-DRIZZLE-ROJO-L','L',10,2,24500.00,0,1,'2026-06-17 21:45:52','2026-06-17 21:45:52',NULL),(119,6,2,1,'Impermeable \"Drizzle Shield\" - Rojo XL','Exterior engomado mate, forro interno en algodón a rayas.','perro','IMP-DRIZZLE','IMP-DRIZZLE-ROJO','IMP-DRIZZLE-ROJO-XL','XL',7,1,24500.00,0,1,'2026-06-17 21:45:52','2026-06-17 21:45:52',NULL),(120,8,2,8,'Pijama Térmico - Gris XS','Micropolar elástico que cubre cuatro patas, bloque de colores sólidos.','ambos','PIJAMA-WINTER','PIJAMA-WINTER-GRIS','PIJAMA-WINTER-GRIS-XS','XS',24,2,13800.00,0,1,'2026-06-17 21:45:52','2026-06-17 21:45:52',NULL),(121,8,2,8,'Pijama Térmico - Gris S','Micropolar elástico que cubre cuatro patas, bloque de colores sólidos.','ambos','PIJAMA-WINTER','PIJAMA-WINTER-GRIS','PIJAMA-WINTER-GRIS-S','S',23,2,13800.00,0,1,'2026-06-17 21:45:52','2026-06-17 21:45:52',NULL),(122,8,2,8,'Pijama Térmico - Gris M','Micropolar elástico que cubre cuatro patas, bloque de colores sólidos.','ambos','PIJAMA-WINTER','PIJAMA-WINTER-GRIS','PIJAMA-WINTER-GRIS-M','M',23,3,13800.00,0,1,'2026-06-17 21:45:52','2026-06-17 21:45:52',NULL),(123,8,2,8,'Pijama Térmico - Gris L','Micropolar elástico que cubre cuatro patas, bloque de colores sólidos.','ambos','PIJAMA-WINTER','PIJAMA-WINTER-GRIS','PIJAMA-WINTER-GRIS-L','L',6,4,13800.00,0,1,'2026-06-17 21:45:52','2026-06-17 21:45:52',NULL),(124,8,2,5,'Pijama Térmico - Rosa XS','Micropolar elástico que cubre cuatro patas, bloque de colores sólidos.','ambos','PIJAMA-WINTER','PIJAMA-WINTER-ROSA','PIJAMA-WINTER-ROSA-XS','XS',7,2,13800.00,0,1,'2026-06-17 21:45:52','2026-06-17 21:45:52',NULL),(125,8,2,5,'Pijama Térmico - Rosa S','Micropolar elástico que cubre cuatro patas, bloque de colores sólidos.','ambos','PIJAMA-WINTER','PIJAMA-WINTER-ROSA','PIJAMA-WINTER-ROSA-S','S',11,3,13800.00,0,1,'2026-06-17 21:45:52','2026-06-17 21:45:52',NULL),(126,8,2,5,'Pijama Térmico - Rosa M','Micropolar elástico que cubre cuatro patas, bloque de colores sólidos.','ambos','PIJAMA-WINTER','PIJAMA-WINTER-ROSA','PIJAMA-WINTER-ROSA-M','M',25,1,13800.00,0,1,'2026-06-17 21:45:52','2026-06-17 21:45:52',NULL),(127,8,2,5,'Pijama Térmico - Rosa L','Micropolar elástico que cubre cuatro patas, bloque de colores sólidos.','ambos','PIJAMA-WINTER','PIJAMA-WINTER-ROSA','PIJAMA-WINTER-ROSA-L','L',16,4,13800.00,0,1,'2026-06-17 21:45:52','2026-06-17 21:45:52',NULL),(128,8,2,2,'Pijama Térmico - Azul XS','Micropolar elástico que cubre cuatro patas, bloque de colores sólidos.','ambos','PIJAMA-WINTER','PIJAMA-WINTER-AZUL','PIJAMA-WINTER-AZUL-XS','XS',20,1,13800.00,0,1,'2026-06-17 21:45:52','2026-06-17 21:45:52',NULL),(129,8,2,2,'Pijama Térmico - Azul S','Micropolar elástico que cubre cuatro patas, bloque de colores sólidos.','ambos','PIJAMA-WINTER','PIJAMA-WINTER-AZUL','PIJAMA-WINTER-AZUL-S','S',15,2,13800.00,0,1,'2026-06-17 21:45:52','2026-06-17 21:45:52',NULL),(130,8,2,2,'Pijama Térmico - Azul M','Micropolar elástico que cubre cuatro patas, bloque de colores sólidos.','ambos','PIJAMA-WINTER','PIJAMA-WINTER-AZUL','PIJAMA-WINTER-AZUL-M','M',28,2,13800.00,0,1,'2026-06-17 21:45:52','2026-06-17 21:45:52',NULL),(131,8,2,2,'Pijama Térmico - Azul L','Micropolar elástico que cubre cuatro patas, bloque de colores sólidos.','ambos','PIJAMA-WINTER','PIJAMA-WINTER-AZUL','PIJAMA-WINTER-AZUL-L','L',23,3,13800.00,0,1,'2026-06-17 21:45:52','2026-06-17 21:45:52',NULL),(132,8,1,5,'Pijama \"Minimal Bones\" - Rosa S','Franela de algodón cepillado, fondo pastel con estampado minimalista.','perro','PIJAMA-MINIMAL','PIJAMA-MINIMAL-ROSA','PIJAMA-MINIMAL-ROSA-S','S',19,1,12500.00,0,1,'2026-06-17 21:45:52','2026-06-17 21:45:52',NULL),(133,8,1,5,'Pijama \"Minimal Bones\" - Rosa M','Franela de algodón cepillado, fondo pastel con estampado minimalista.','perro','PIJAMA-MINIMAL','PIJAMA-MINIMAL-ROSA','PIJAMA-MINIMAL-ROSA-M','M',23,1,12500.00,0,1,'2026-06-17 21:45:52','2026-06-17 21:45:52',NULL),(134,8,1,5,'Pijama \"Minimal Bones\" - Rosa L','Franela de algodón cepillado, fondo pastel con estampado minimalista.','perro','PIJAMA-MINIMAL','PIJAMA-MINIMAL-ROSA','PIJAMA-MINIMAL-ROSA-L','L',29,4,12500.00,0,1,'2026-06-17 21:45:53','2026-06-17 21:45:53',NULL),(135,8,1,7,'Pijama \"Minimal Bones\" - Blanco S','Franela de algodón cepillado, fondo pastel con estampado minimalista.','perro','PIJAMA-MINIMAL','PIJAMA-MINIMAL-BLANCO','PIJAMA-MINIMAL-BLANCO-S','S',5,3,12500.00,0,1,'2026-06-17 21:45:53','2026-06-17 21:45:53',NULL),(136,8,1,7,'Pijama \"Minimal Bones\" - Blanco M','Franela de algodón cepillado, fondo pastel con estampado minimalista.','perro','PIJAMA-MINIMAL','PIJAMA-MINIMAL-BLANCO','PIJAMA-MINIMAL-BLANCO-M','M',16,1,12500.00,0,1,'2026-06-17 21:45:53','2026-06-17 21:45:53',NULL),(137,8,1,7,'Pijama \"Minimal Bones\" - Blanco L','Franela de algodón cepillado, fondo pastel con estampado minimalista.','perro','PIJAMA-MINIMAL','PIJAMA-MINIMAL-BLANCO','PIJAMA-MINIMAL-BLANCO-L','L',5,2,12500.00,0,1,'2026-06-17 21:45:53','2026-06-17 21:45:53',NULL),(138,8,1,8,'Pijama \"Minimal Bones\" - Gris S','Franela de algodón cepillado, fondo pastel con estampado minimalista.','perro','PIJAMA-MINIMAL','PIJAMA-MINIMAL-GRIS','PIJAMA-MINIMAL-GRIS-S','S',22,1,12500.00,0,1,'2026-06-17 21:45:53','2026-06-17 21:45:53',NULL),(139,8,1,8,'Pijama \"Minimal Bones\" - Gris M','Franela de algodón cepillado, fondo pastel con estampado minimalista.','perro','PIJAMA-MINIMAL','PIJAMA-MINIMAL-GRIS','PIJAMA-MINIMAL-GRIS-M','M',6,1,12500.00,0,1,'2026-06-17 21:45:53','2026-06-17 21:45:53',NULL),(140,8,1,8,'Pijama \"Minimal Bones\" - Gris L','Franela de algodón cepillado, fondo pastel con estampado minimalista.','perro','PIJAMA-MINIMAL','PIJAMA-MINIMAL-GRIS','PIJAMA-MINIMAL-GRIS-L','L',26,4,12500.00,0,1,'2026-06-17 21:45:53','2026-06-17 21:45:53',NULL),(141,8,1,2,'Pijama \"Moon & Stars\" - Azul XS','Algodón ligero hipoalergénico, patrón nocturno continuo.','gato','PIJAMA-MOON','PIJAMA-MOON-AZUL','PIJAMA-MOON-AZUL-XS','XS',28,1,11900.00,0,1,'2026-06-17 21:45:53','2026-06-17 21:45:53',NULL),(142,8,1,2,'Pijama \"Moon & Stars\" - Azul S','Algodón ligero hipoalergénico, patrón nocturno continuo.','gato','PIJAMA-MOON','PIJAMA-MOON-AZUL','PIJAMA-MOON-AZUL-S','S',17,1,11900.00,0,1,'2026-06-17 21:45:53','2026-06-17 21:45:53',NULL),(143,8,1,2,'Pijama \"Moon & Stars\" - Azul M','Algodón ligero hipoalergénico, patrón nocturno continuo.','gato','PIJAMA-MOON','PIJAMA-MOON-AZUL','PIJAMA-MOON-AZUL-M','M',10,4,11900.00,0,1,'2026-06-17 21:45:53','2026-06-17 21:45:53',NULL),(144,8,1,10,'Pijama \"Moon & Stars\" - Violeta XS','Algodón ligero hipoalergénico, patrón nocturno continuo.','gato','PIJAMA-MOON','PIJAMA-MOON-VIOLETA','PIJAMA-MOON-VIOLETA-XS','XS',24,1,11900.00,0,1,'2026-06-17 21:45:53','2026-06-17 21:45:53',NULL),(145,8,1,10,'Pijama \"Moon & Stars\" - Violeta S','Algodón ligero hipoalergénico, patrón nocturno continuo.','gato','PIJAMA-MOON','PIJAMA-MOON-VIOLETA','PIJAMA-MOON-VIOLETA-S','S',30,3,11900.00,0,1,'2026-06-17 21:45:53','2026-06-17 21:45:53',NULL),(146,8,1,10,'Pijama \"Moon & Stars\" - Violeta M','Algodón ligero hipoalergénico, patrón nocturno continuo.','gato','PIJAMA-MOON','PIJAMA-MOON-VIOLETA','PIJAMA-MOON-VIOLETA-M','M',6,1,11900.00,0,1,'2026-06-17 21:45:53','2026-06-17 21:45:53',NULL),(147,7,4,1,'Camiseta \"Nautical Stripes\" - Rojo XS','Jersey de algodón ligero, rayas horizontales contrastantes.','ambos','CAMISETA-NAUTICAL','CAMISETA-NAUTICAL-ROJO','CAMISETA-NAUTICAL-ROJO-XS','XS',17,2,9500.00,0,1,'2026-06-17 21:45:53','2026-06-17 21:45:53',NULL),(148,7,4,1,'Camiseta \"Nautical Stripes\" - Rojo S','Jersey de algodón ligero, rayas horizontales contrastantes.','ambos','CAMISETA-NAUTICAL','CAMISETA-NAUTICAL-ROJO','CAMISETA-NAUTICAL-ROJO-S','S',28,4,9500.00,0,1,'2026-06-17 21:45:53','2026-06-17 21:45:53',NULL),(149,7,4,1,'Camiseta \"Nautical Stripes\" - Rojo M','Jersey de algodón ligero, rayas horizontales contrastantes.','ambos','CAMISETA-NAUTICAL','CAMISETA-NAUTICAL-ROJO','CAMISETA-NAUTICAL-ROJO-M','M',6,3,9500.00,0,1,'2026-06-17 21:45:53','2026-06-17 21:45:53',NULL),(150,7,4,1,'Camiseta \"Nautical Stripes\" - Rojo L','Jersey de algodón ligero, rayas horizontales contrastantes.','ambos','CAMISETA-NAUTICAL','CAMISETA-NAUTICAL-ROJO','CAMISETA-NAUTICAL-ROJO-L','L',9,1,9500.00,0,1,'2026-06-17 21:45:53','2026-06-17 21:45:53',NULL),(151,7,4,2,'Camiseta \"Nautical Stripes\" - Azul XS','Jersey de algodón ligero, rayas horizontales contrastantes.','ambos','CAMISETA-NAUTICAL','CAMISETA-NAUTICAL-AZUL','CAMISETA-NAUTICAL-AZUL-XS','XS',28,1,9500.00,0,1,'2026-06-17 21:45:53','2026-06-17 21:45:53',NULL),(152,7,4,2,'Camiseta \"Nautical Stripes\" - Azul S','Jersey de algodón ligero, rayas horizontales contrastantes.','ambos','CAMISETA-NAUTICAL','CAMISETA-NAUTICAL-AZUL','CAMISETA-NAUTICAL-AZUL-S','S',21,3,9500.00,0,1,'2026-06-17 21:45:53','2026-06-17 21:45:53',NULL),(153,7,4,2,'Camiseta \"Nautical Stripes\" - Azul M','Jersey de algodón ligero, rayas horizontales contrastantes.','ambos','CAMISETA-NAUTICAL','CAMISETA-NAUTICAL-AZUL','CAMISETA-NAUTICAL-AZUL-M','M',14,4,9500.00,0,1,'2026-06-17 21:45:53','2026-06-17 21:45:53',NULL),(154,7,4,2,'Camiseta \"Nautical Stripes\" - Azul L','Jersey de algodón ligero, rayas horizontales contrastantes.','ambos','CAMISETA-NAUTICAL','CAMISETA-NAUTICAL-AZUL','CAMISETA-NAUTICAL-AZUL-L','L',14,2,9500.00,0,1,'2026-06-17 21:45:53','2026-06-17 21:45:53',NULL),(155,7,4,7,'Camiseta \"Nautical Stripes\" - Blanco XS','Jersey de algodón ligero, rayas horizontales contrastantes.','ambos','CAMISETA-NAUTICAL','CAMISETA-NAUTICAL-BLANCO','CAMISETA-NAUTICAL-BLANCO-XS','XS',10,4,9500.00,0,1,'2026-06-17 21:45:53','2026-06-17 21:45:53',NULL),(156,7,4,7,'Camiseta \"Nautical Stripes\" - Blanco S','Jersey de algodón ligero, rayas horizontales contrastantes.','ambos','CAMISETA-NAUTICAL','CAMISETA-NAUTICAL-BLANCO','CAMISETA-NAUTICAL-BLANCO-S','S',29,2,9500.00,0,1,'2026-06-17 21:45:53','2026-06-17 21:45:53',NULL),(157,7,4,7,'Camiseta \"Nautical Stripes\" - Blanco M','Jersey de algodón ligero, rayas horizontales contrastantes.','ambos','CAMISETA-NAUTICAL','CAMISETA-NAUTICAL-BLANCO','CAMISETA-NAUTICAL-BLANCO-M','M',8,4,9500.00,0,1,'2026-06-17 21:45:53','2026-06-17 21:45:53',NULL),(158,7,4,7,'Camiseta \"Nautical Stripes\" - Blanco L','Jersey de algodón ligero, rayas horizontales contrastantes.','ambos','CAMISETA-NAUTICAL','CAMISETA-NAUTICAL-BLANCO','CAMISETA-NAUTICAL-BLANCO-L','L',13,4,9500.00,0,1,'2026-06-17 21:45:53','2026-06-17 21:45:53',NULL),(159,7,4,6,'Musculosa \"Neon Mesh\" - Negro S','Tela dry-fit microperforada, diseño liso con ribetes neón.','perro','CAMISETA-NEON','CAMISETA-NEON-NEGRO','CAMISETA-NEON-NEGRO-S','S',8,3,8900.00,0,1,'2026-06-17 21:45:53','2026-06-17 21:45:53',NULL),(160,7,4,6,'Musculosa \"Neon Mesh\" - Negro M','Tela dry-fit microperforada, diseño liso con ribetes neón.','perro','CAMISETA-NEON','CAMISETA-NEON-NEGRO','CAMISETA-NEON-NEGRO-M','M',15,1,8900.00,0,1,'2026-06-17 21:45:53','2026-06-17 21:45:53',NULL),(161,7,4,6,'Musculosa \"Neon Mesh\" - Negro L','Tela dry-fit microperforada, diseño liso con ribetes neón.','perro','CAMISETA-NEON','CAMISETA-NEON-NEGRO','CAMISETA-NEON-NEGRO-L','L',30,1,8900.00,0,1,'2026-06-17 21:45:53','2026-06-17 21:45:53',NULL),(162,7,4,6,'Musculosa \"Neon Mesh\" - Negro XL','Tela dry-fit microperforada, diseño liso con ribetes neón.','perro','CAMISETA-NEON','CAMISETA-NEON-NEGRO','CAMISETA-NEON-NEGRO-XL','XL',20,4,8900.00,0,1,'2026-06-17 21:45:53','2026-06-17 21:45:53',NULL),(163,7,4,4,'Musculosa \"Neon Mesh\" - Amarillo S','Tela dry-fit microperforada, diseño liso con ribetes neón.','perro','CAMISETA-NEON','CAMISETA-NEON-AMARILLO','CAMISETA-NEON-AMARILLO-S','S',9,3,8900.00,0,1,'2026-06-17 21:45:53','2026-06-17 21:45:53',NULL),(164,7,4,4,'Musculosa \"Neon Mesh\" - Amarillo M','Tela dry-fit microperforada, diseño liso con ribetes neón.','perro','CAMISETA-NEON','CAMISETA-NEON-AMARILLO','CAMISETA-NEON-AMARILLO-M','M',15,4,8900.00,0,1,'2026-06-17 21:45:53','2026-06-17 21:45:53',NULL),(165,7,4,4,'Musculosa \"Neon Mesh\" - Amarillo L','Tela dry-fit microperforada, diseño liso con ribetes neón.','perro','CAMISETA-NEON','CAMISETA-NEON-AMARILLO','CAMISETA-NEON-AMARILLO-L','L',15,4,8900.00,0,1,'2026-06-17 21:45:53','2026-06-17 21:45:53',NULL),(166,7,4,4,'Musculosa \"Neon Mesh\" - Amarillo XL','Tela dry-fit microperforada, diseño liso con ribetes neón.','perro','CAMISETA-NEON','CAMISETA-NEON-AMARILLO','CAMISETA-NEON-AMARILLO-XL','XL',27,2,8900.00,0,1,'2026-06-17 21:45:53','2026-06-17 21:45:53',NULL),(167,7,6,8,'Camiseta \"Urban Camo\" - Gris M','Algodón con spandex, patrón de camuflaje en tonos grises.','perro','CAMISETA-URBAN','CAMISETA-URBAN-GRIS','CAMISETA-URBAN-GRIS-M','M',8,1,10500.00,0,1,'2026-06-17 21:45:53','2026-06-17 21:45:53',NULL),(168,7,6,8,'Camiseta \"Urban Camo\" - Gris L','Algodón con spandex, patrón de camuflaje en tonos grises.','perro','CAMISETA-URBAN','CAMISETA-URBAN-GRIS','CAMISETA-URBAN-GRIS-L','L',12,4,10500.00,0,1,'2026-06-17 21:45:53','2026-06-17 21:45:53',NULL),(169,7,6,8,'Camiseta \"Urban Camo\" - Gris XL','Algodón con spandex, patrón de camuflaje en tonos grises.','perro','CAMISETA-URBAN','CAMISETA-URBAN-GRIS','CAMISETA-URBAN-GRIS-XL','XL',15,1,10500.00,0,1,'2026-06-17 21:45:53','2026-06-17 21:45:53',NULL),(170,7,6,6,'Camiseta \"Urban Camo\" - Negro M','Algodón con spandex, patrón de camuflaje en tonos grises.','perro','CAMISETA-URBAN','CAMISETA-URBAN-NEGRO','CAMISETA-URBAN-NEGRO-M','M',29,1,10500.00,0,1,'2026-06-17 21:45:53','2026-06-17 21:45:53',NULL),(171,7,6,6,'Camiseta \"Urban Camo\" - Negro L','Algodón con spandex, patrón de camuflaje en tonos grises.','perro','CAMISETA-URBAN','CAMISETA-URBAN-NEGRO','CAMISETA-URBAN-NEGRO-L','L',11,2,10500.00,0,1,'2026-06-17 21:45:53','2026-06-17 21:45:53',NULL),(172,7,6,6,'Camiseta \"Urban Camo\" - Negro XL','Algodón con spandex, patrón de camuflaje en tonos grises.','perro','CAMISETA-URBAN','CAMISETA-URBAN-NEGRO','CAMISETA-URBAN-NEGRO-XL','XL',22,3,10500.00,0,1,'2026-06-17 21:45:53','2026-06-17 21:45:53',NULL),(173,7,3,5,'Camiseta \"Spring Floral\" - Rosa XS','Viscosa elástica fresca, patrón de flores pequeñas.','gato','CAMISETA-SPRING','CAMISETA-SPRING-ROSA','CAMISETA-SPRING-ROSA-XS','XS',12,2,9900.00,0,1,'2026-06-17 21:45:53','2026-06-17 21:45:53',NULL),(174,7,3,5,'Camiseta \"Spring Floral\" - Rosa S','Viscosa elástica fresca, patrón de flores pequeñas.','gato','CAMISETA-SPRING','CAMISETA-SPRING-ROSA','CAMISETA-SPRING-ROSA-S','S',13,3,9900.00,0,1,'2026-06-17 21:45:53','2026-06-17 21:45:53',NULL),(175,7,3,5,'Camiseta \"Spring Floral\" - Rosa M','Viscosa elástica fresca, patrón de flores pequeñas.','gato','CAMISETA-SPRING','CAMISETA-SPRING-ROSA','CAMISETA-SPRING-ROSA-M','M',18,2,9900.00,0,1,'2026-06-17 21:45:53','2026-06-17 21:45:53',NULL),(176,7,3,7,'Camiseta \"Spring Floral\" - Blanco XS','Viscosa elástica fresca, patrón de flores pequeñas.','gato','CAMISETA-SPRING','CAMISETA-SPRING-BLANCO','CAMISETA-SPRING-BLANCO-XS','XS',17,3,9900.00,0,1,'2026-06-17 21:45:53','2026-06-17 21:45:53',NULL),(177,7,3,7,'Camiseta \"Spring Floral\" - Blanco S','Viscosa elástica fresca, patrón de flores pequeñas.','gato','CAMISETA-SPRING','CAMISETA-SPRING-BLANCO','CAMISETA-SPRING-BLANCO-S','S',13,4,9900.00,0,1,'2026-06-17 21:45:53','2026-06-17 21:45:53',NULL),(178,7,3,7,'Camiseta \"Spring Floral\" - Blanco M','Viscosa elástica fresca, patrón de flores pequeñas.','gato','CAMISETA-SPRING','CAMISETA-SPRING-BLANCO','CAMISETA-SPRING-BLANCO-M','M',10,2,9900.00,0,1,'2026-06-17 21:45:53','2026-06-17 21:45:53',NULL),(179,7,3,4,'Camiseta \"Spring Floral\" - Amarillo XS','Viscosa elástica fresca, patrón de flores pequeñas.','gato','CAMISETA-SPRING','CAMISETA-SPRING-AMARILLO','CAMISETA-SPRING-AMARILLO-XS','XS',17,1,9900.00,0,1,'2026-06-17 21:45:53','2026-06-17 21:45:53',NULL),(180,7,3,4,'Camiseta \"Spring Floral\" - Amarillo S','Viscosa elástica fresca, patrón de flores pequeñas.','gato','CAMISETA-SPRING','CAMISETA-SPRING-AMARILLO','CAMISETA-SPRING-AMARILLO-S','S',13,1,9900.00,0,1,'2026-06-17 21:45:53','2026-06-17 21:45:53',NULL),(181,7,3,4,'Camiseta \"Spring Floral\" - Amarillo M','Viscosa elástica fresca, patrón de flores pequeñas.','gato','CAMISETA-SPRING','CAMISETA-SPRING-AMARILLO','CAMISETA-SPRING-AMARILLO-M','M',8,4,9900.00,0,1,'2026-06-17 21:45:53','2026-06-17 21:45:53',NULL),(182,9,5,3,'Juguete Mordillo de Goma Dental - Verde M','Mordillo de caucho natural con ranuras para limpiar sarro y masajear encías mientras juegan.','perro','TOY-MORDILLO','TOY-MORDILLO-VERDE','TOY-MORDILLO-VERDE-M','M',16,2,5400.00,0,1,'2026-06-17 21:45:54','2026-06-17 21:45:54',NULL),(183,9,5,3,'Juguete Mordillo de Goma Dental - Verde L','Mordillo de caucho natural con ranuras para limpiar sarro y masajear encías mientras juegan.','perro','TOY-MORDILLO','TOY-MORDILLO-VERDE','TOY-MORDILLO-VERDE-L','L',9,4,5400.00,0,1,'2026-06-17 21:45:54','2026-06-17 21:45:54',NULL),(184,9,5,2,'Juguete Mordillo de Goma Dental - Azul M','Mordillo de caucho natural con ranuras para limpiar sarro y masajear encías mientras juegan.','perro','TOY-MORDILLO','TOY-MORDILLO-AZUL','TOY-MORDILLO-AZUL-M','M',22,2,5400.00,0,1,'2026-06-17 21:45:54','2026-06-17 21:45:54',NULL),(185,9,5,2,'Juguete Mordillo de Goma Dental - Azul L','Mordillo de caucho natural con ranuras para limpiar sarro y masajear encías mientras juegan.','perro','TOY-MORDILLO','TOY-MORDILLO-AZUL','TOY-MORDILLO-AZUL-L','L',16,4,5400.00,0,1,'2026-06-17 21:45:54','2026-06-17 21:45:54',NULL),(186,9,5,9,'Juguete Mordillo de Goma Dental - Naranja M','Mordillo de caucho natural con ranuras para limpiar sarro y masajear encías mientras juegan.','perro','TOY-MORDILLO','TOY-MORDILLO-NARANJA','TOY-MORDILLO-NARANJA-M','M',22,4,5400.00,0,1,'2026-06-17 21:45:54','2026-06-17 21:45:54',NULL),(187,9,5,9,'Juguete Mordillo de Goma Dental - Naranja L','Mordillo de caucho natural con ranuras para limpiar sarro y masajear encías mientras juegan.','perro','TOY-MORDILLO','TOY-MORDILLO-NARANJA','TOY-MORDILLO-NARANJA-L','L',25,2,5400.00,0,1,'2026-06-17 21:45:54','2026-06-17 21:45:54',NULL),(188,10,5,6,'Correa Extensible Retráctil - Negro S','Correa retráctil resistente de 5 metros con sistema de frenado rápido y agarre ergonómico antideslizante.','perro','CORREA-RETRACTIL','CORREA-RETRACTIL-NEGRO','CORREA-RETRACTIL-NEGRO-S','S',19,4,17200.00,0,1,'2026-06-17 21:45:54','2026-06-17 21:45:54',NULL),(189,10,5,6,'Correa Extensible Retráctil - Negro M','Correa retráctil resistente de 5 metros con sistema de frenado rápido y agarre ergonómico antideslizante.','perro','CORREA-RETRACTIL','CORREA-RETRACTIL-NEGRO','CORREA-RETRACTIL-NEGRO-M','M',6,3,17200.00,0,1,'2026-06-17 21:45:54','2026-06-17 21:45:54',NULL),(190,10,5,6,'Correa Extensible Retráctil - Negro L','Correa retráctil resistente de 5 metros con sistema de frenado rápido y agarre ergonómico antideslizante.','perro','CORREA-RETRACTIL','CORREA-RETRACTIL-NEGRO','CORREA-RETRACTIL-NEGRO-L','L',30,2,17200.00,0,1,'2026-06-17 21:45:54','2026-06-17 21:45:54',NULL),(191,10,5,1,'Correa Extensible Retráctil - Rojo S','Correa retráctil resistente de 5 metros con sistema de frenado rápido y agarre ergonómico antideslizante.','perro','CORREA-RETRACTIL','CORREA-RETRACTIL-ROJO','CORREA-RETRACTIL-ROJO-S','S',30,1,17200.00,0,1,'2026-06-17 21:45:54','2026-06-17 21:45:54',NULL),(192,10,5,1,'Correa Extensible Retráctil - Rojo M','Correa retráctil resistente de 5 metros con sistema de frenado rápido y agarre ergonómico antideslizante.','perro','CORREA-RETRACTIL','CORREA-RETRACTIL-ROJO','CORREA-RETRACTIL-ROJO-M','M',23,2,17200.00,0,1,'2026-06-17 21:45:54','2026-06-17 21:45:54',NULL),(193,10,5,1,'Correa Extensible Retráctil - Rojo L','Correa retráctil resistente de 5 metros con sistema de frenado rápido y agarre ergonómico antideslizante.','perro','CORREA-RETRACTIL','CORREA-RETRACTIL-ROJO','CORREA-RETRACTIL-ROJO-L','L',11,3,17200.00,0,1,'2026-06-17 21:45:54','2026-06-17 21:45:54',NULL),(194,10,5,8,'Correa Extensible Retráctil - Gris S','Correa retráctil resistente de 5 metros con sistema de frenado rápido y agarre ergonómico antideslizante.','perro','CORREA-RETRACTIL','CORREA-RETRACTIL-GRIS','CORREA-RETRACTIL-GRIS-S','S',27,3,17200.00,0,1,'2026-06-17 21:45:54','2026-06-17 21:45:54',NULL),(195,10,5,8,'Correa Extensible Retráctil - Gris M','Correa retráctil resistente de 5 metros con sistema de frenado rápido y agarre ergonómico antideslizante.','perro','CORREA-RETRACTIL','CORREA-RETRACTIL-GRIS','CORREA-RETRACTIL-GRIS-M','M',29,2,17200.00,0,1,'2026-06-17 21:45:54','2026-06-17 21:45:54',NULL),(196,10,5,8,'Correa Extensible Retráctil - Gris L','Correa retráctil resistente de 5 metros con sistema de frenado rápido y agarre ergonómico antideslizante.','perro','CORREA-RETRACTIL','CORREA-RETRACTIL-GRIS','CORREA-RETRACTIL-GRIS-L','L',9,3,17200.00,0,1,'2026-06-17 21:45:54','2026-06-17 21:45:54',NULL),(197,11,6,6,'Arnés Antitirones Premium - Negro S','Arnés premium diseñado para evitar tirones. Anillas en pecho y espalda, forro acolchado y reflectante.','perro','ARNES-ANTITIRON','ARNES-ANTITIRON-NEGRO','ARNES-ANTITIRON-NEGRO-S','S',19,4,22500.00,0,1,'2026-06-17 21:45:54','2026-06-17 21:45:54',NULL),(198,11,6,6,'Arnés Antitirones Premium - Negro M','Arnés premium diseñado para evitar tirones. Anillas en pecho y espalda, forro acolchado y reflectante.','perro','ARNES-ANTITIRON','ARNES-ANTITIRON-NEGRO','ARNES-ANTITIRON-NEGRO-M','M',28,1,22500.00,0,1,'2026-06-17 21:45:54','2026-06-17 21:45:54',NULL),(199,11,6,6,'Arnés Antitirones Premium - Negro L','Arnés premium diseñado para evitar tirones. Anillas en pecho y espalda, forro acolchado y reflectante.','perro','ARNES-ANTITIRON','ARNES-ANTITIRON-NEGRO','ARNES-ANTITIRON-NEGRO-L','L',17,2,22500.00,0,1,'2026-06-17 21:45:54','2026-06-17 21:45:54',NULL),(200,11,6,6,'Arnés Antitirones Premium - Negro XL','Arnés premium diseñado para evitar tirones. Anillas en pecho y espalda, forro acolchado y reflectante.','perro','ARNES-ANTITIRON','ARNES-ANTITIRON-NEGRO','ARNES-ANTITIRON-NEGRO-XL','XL',27,1,22500.00,0,1,'2026-06-17 21:45:54','2026-06-17 21:45:54',NULL),(201,11,6,2,'Arnés Antitirones Premium - Azul S','Arnés premium diseñado para evitar tirones. Anillas en pecho y espalda, forro acolchado y reflectante.','perro','ARNES-ANTITIRON','ARNES-ANTITIRON-AZUL','ARNES-ANTITIRON-AZUL-S','S',25,2,22500.00,0,1,'2026-06-17 21:45:54','2026-06-17 21:45:54',NULL),(202,11,6,2,'Arnés Antitirones Premium - Azul M','Arnés premium diseñado para evitar tirones. Anillas en pecho y espalda, forro acolchado y reflectante.','perro','ARNES-ANTITIRON','ARNES-ANTITIRON-AZUL','ARNES-ANTITIRON-AZUL-M','M',25,3,22500.00,0,1,'2026-06-17 21:45:54','2026-06-17 21:45:54',NULL),(203,11,6,2,'Arnés Antitirones Premium - Azul L','Arnés premium diseñado para evitar tirones. Anillas en pecho y espalda, forro acolchado y reflectante.','perro','ARNES-ANTITIRON','ARNES-ANTITIRON-AZUL','ARNES-ANTITIRON-AZUL-L','L',30,3,22500.00,0,1,'2026-06-17 21:45:54','2026-06-17 21:45:54',NULL),(204,11,6,2,'Arnés Antitirones Premium - Azul XL','Arnés premium diseñado para evitar tirones. Anillas en pecho y espalda, forro acolchado y reflectante.','perro','ARNES-ANTITIRON','ARNES-ANTITIRON-AZUL','ARNES-ANTITIRON-AZUL-XL','XL',7,3,22500.00,0,1,'2026-06-17 21:45:54','2026-06-17 21:45:54',NULL),(205,11,6,1,'Arnés Antitirones Premium - Rojo S','Arnés premium diseñado para evitar tirones. Anillas en pecho y espalda, forro acolchado y reflectante.','perro','ARNES-ANTITIRON','ARNES-ANTITIRON-ROJO','ARNES-ANTITIRON-ROJO-S','S',10,1,22500.00,0,1,'2026-06-17 21:45:54','2026-06-17 21:45:54',NULL),(206,11,6,1,'Arnés Antitirones Premium - Rojo M','Arnés premium diseñado para evitar tirones. Anillas en pecho y espalda, forro acolchado y reflectante.','perro','ARNES-ANTITIRON','ARNES-ANTITIRON-ROJO','ARNES-ANTITIRON-ROJO-M','M',27,1,22500.00,0,1,'2026-06-17 21:45:54','2026-06-17 21:45:54',NULL),(207,11,6,1,'Arnés Antitirones Premium - Rojo L','Arnés premium diseñado para evitar tirones. Anillas en pecho y espalda, forro acolchado y reflectante.','perro','ARNES-ANTITIRON','ARNES-ANTITIRON-ROJO','ARNES-ANTITIRON-ROJO-L','L',14,2,22500.00,0,1,'2026-06-17 21:45:54','2026-06-17 21:45:54',NULL),(208,11,6,1,'Arnés Antitirones Premium - Rojo XL','Arnés premium diseñado para evitar tirones. Anillas en pecho y espalda, forro acolchado y reflectante.','perro','ARNES-ANTITIRON','ARNES-ANTITIRON-ROJO','ARNES-ANTITIRON-ROJO-XL','XL',22,1,22500.00,0,1,'2026-06-17 21:45:54','2026-06-17 21:45:54',NULL),(209,12,6,8,'Cama Nido Nube Desmontable - Gris S','Cama acolchada ortopédica antideslizante con cierre desmontable para un fácil lavado.','ambos','CAMA-NUBE','CAMA-NUBE-GRIS','CAMA-NUBE-GRIS-S','S',30,2,31200.00,0,1,'2026-06-17 21:45:54','2026-06-17 21:45:54',NULL),(210,12,6,8,'Cama Nido Nube Desmontable - Gris M','Cama acolchada ortopédica antideslizante con cierre desmontable para un fácil lavado.','ambos','CAMA-NUBE','CAMA-NUBE-GRIS','CAMA-NUBE-GRIS-M','M',9,2,31200.00,0,1,'2026-06-17 21:45:54','2026-06-17 21:45:54',NULL),(211,12,6,8,'Cama Nido Nube Desmontable - Gris L','Cama acolchada ortopédica antideslizante con cierre desmontable para un fácil lavado.','ambos','CAMA-NUBE','CAMA-NUBE-GRIS','CAMA-NUBE-GRIS-L','L',11,1,31200.00,0,1,'2026-06-17 21:45:54','2026-06-17 21:45:54',NULL),(212,12,6,5,'Cama Nido Nube Desmontable - Rosa S','Cama acolchada ortopédica antideslizante con cierre desmontable para un fácil lavado.','ambos','CAMA-NUBE','CAMA-NUBE-ROSA','CAMA-NUBE-ROSA-S','S',15,1,31200.00,0,1,'2026-06-17 21:45:54','2026-06-17 21:45:54',NULL),(213,12,6,5,'Cama Nido Nube Desmontable - Rosa M','Cama acolchada ortopédica antideslizante con cierre desmontable para un fácil lavado.','ambos','CAMA-NUBE','CAMA-NUBE-ROSA','CAMA-NUBE-ROSA-M','M',6,3,31200.00,0,1,'2026-06-17 21:45:54','2026-06-17 21:45:54',NULL),(214,12,6,5,'Cama Nido Nube Desmontable - Rosa L','Cama acolchada ortopédica antideslizante con cierre desmontable para un fácil lavado.','ambos','CAMA-NUBE','CAMA-NUBE-ROSA','CAMA-NUBE-ROSA-L','L',8,1,31200.00,0,1,'2026-06-17 21:45:54','2026-06-17 21:45:54',NULL),(215,12,6,7,'Cama Nido Nube Desmontable - Blanco S','Cama acolchada ortopédica antideslizante con cierre desmontable para un fácil lavado.','ambos','CAMA-NUBE','CAMA-NUBE-BLANCO','CAMA-NUBE-BLANCO-S','S',14,4,31200.00,0,1,'2026-06-17 21:45:54','2026-06-17 21:45:54',NULL),(216,12,6,7,'Cama Nido Nube Desmontable - Blanco M','Cama acolchada ortopédica antideslizante con cierre desmontable para un fácil lavado.','ambos','CAMA-NUBE','CAMA-NUBE-BLANCO','CAMA-NUBE-BLANCO-M','M',10,2,31200.00,0,1,'2026-06-17 21:45:54','2026-06-17 21:45:54',NULL),(217,12,6,7,'Cama Nido Nube Desmontable - Blanco L','Cama acolchada ortopédica antideslizante con cierre desmontable para un fácil lavado.','ambos','CAMA-NUBE','CAMA-NUBE-BLANCO','CAMA-NUBE-BLANCO-L','L',30,1,31200.00,0,1,'2026-06-17 21:45:54','2026-06-17 21:45:54',NULL);
/*!40000 ALTER TABLE `productos` ENABLE KEYS */;
UNLOCK TABLES;

--
-- Table structure for table `roles`
--

DROP TABLE IF EXISTS `roles`;
/*!40101 SET @saved_cs_client     = @@character_set_client */;
/*!50503 SET character_set_client = utf8mb4 */;
CREATE TABLE `roles` (
  `id` bigint unsigned NOT NULL AUTO_INCREMENT,
  `nombre` varchar(50) COLLATE utf8mb4_unicode_ci NOT NULL,
  `descripcion` varchar(255) COLLATE utf8mb4_unicode_ci DEFAULT NULL,
  `created_at` timestamp NULL DEFAULT NULL,
  `updated_at` timestamp NULL DEFAULT NULL,
  `deleted_at` timestamp NULL DEFAULT NULL,
  PRIMARY KEY (`id`),
  UNIQUE KEY `roles_nombre_unique` (`nombre`)
) ENGINE=InnoDB AUTO_INCREMENT=3 DEFAULT CHARSET=utf8mb4 COLLATE=utf8mb4_unicode_ci;
/*!40101 SET character_set_client = @saved_cs_client */;

--
-- Dumping data for table `roles`
--

LOCK TABLES `roles` WRITE;
/*!40000 ALTER TABLE `roles` DISABLE KEYS */;
INSERT INTO `roles` VALUES (1,'admin','Administrador del sistema','2026-06-17 21:45:49','2026-06-17 21:45:49',NULL),(2,'cliente','Cliente del ecommerce','2026-06-17 21:45:49','2026-06-17 21:45:49',NULL);
/*!40000 ALTER TABLE `roles` ENABLE KEYS */;
UNLOCK TABLES;

--
-- Table structure for table `usuarios`
--

DROP TABLE IF EXISTS `usuarios`;
/*!40101 SET @saved_cs_client     = @@character_set_client */;
/*!50503 SET character_set_client = utf8mb4 */;
CREATE TABLE `usuarios` (
  `id` bigint unsigned NOT NULL AUTO_INCREMENT,
  `nombre` varchar(255) COLLATE utf8mb4_unicode_ci NOT NULL,
  `apellido` varchar(255) COLLATE utf8mb4_unicode_ci NOT NULL,
  `email` varchar(255) COLLATE utf8mb4_unicode_ci NOT NULL,
  `telefono` varchar(255) COLLATE utf8mb4_unicode_ci DEFAULT NULL,
  `direccion` varchar(255) COLLATE utf8mb4_unicode_ci DEFAULT NULL,
  `localidad` varchar(255) COLLATE utf8mb4_unicode_ci DEFAULT NULL,
  `provincia` varchar(255) COLLATE utf8mb4_unicode_ci DEFAULT NULL,
  `codigo_postal` varchar(255) COLLATE utf8mb4_unicode_ci DEFAULT NULL,
  `password` varchar(255) COLLATE utf8mb4_unicode_ci NOT NULL,
  `rol_id` bigint unsigned NOT NULL,
  `remember_token` varchar(100) COLLATE utf8mb4_unicode_ci DEFAULT NULL,
  `created_at` timestamp NULL DEFAULT NULL,
  `updated_at` timestamp NULL DEFAULT NULL,
  `deleted_at` timestamp NULL DEFAULT NULL,
  PRIMARY KEY (`id`),
  UNIQUE KEY `usuarios_email_unique` (`email`),
  KEY `usuarios_rol_id_foreign` (`rol_id`),
  CONSTRAINT `usuarios_rol_id_foreign` FOREIGN KEY (`rol_id`) REFERENCES `roles` (`id`) ON DELETE RESTRICT
) ENGINE=InnoDB AUTO_INCREMENT=10 DEFAULT CHARSET=utf8mb4 COLLATE=utf8mb4_unicode_ci;
/*!40101 SET character_set_client = @saved_cs_client */;

--
-- Dumping data for table `usuarios`
--

LOCK TABLES `usuarios` WRITE;
/*!40000 ALTER TABLE `usuarios` DISABLE KEYS */;
INSERT INTO `usuarios` VALUES (1,'Admin','Sistema','admin@mail.com','1145678901','Av. Cabildo 1500, Piso 2 B','Belgrano','CABA','C1426','$2y$12$yWMnEpc0uf4HmRtFPBSNg.JIMqLxaLaB8Hs.W11B1.3DX7SRKrcWC',1,NULL,'2026-06-17 21:45:55','2026-06-17 21:45:55',NULL),(2,'Pedro','Sarmiento','cliente@mail.com','1154821901','Av. Libertador 1234, Piso 4 A','Belgrano','CABA','C1425','$2y$12$.rrESIGoeOtQDGI9HcVbWOBrzYhsel2OmhiQxn6meQZyocK1AKbAq',2,NULL,'2026-06-17 21:45:59','2026-06-17 21:45:59',NULL),(3,'Casandra','Villalobos','casandra.v@outlook.com','1154823901','Av. Santa Fe 3421, Piso 4 A','Palermo','CABA','C1425','$2y$12$zYX1Ke8Pnw2j13n6OW6TTOpGP40uEiLo//HoCCEwUuQTu0BMImF/K',2,NULL,'2026-06-17 21:45:59','2026-06-17 21:45:59',NULL),(4,'Amadeo','Bermudez','amadeo.bermudez@gmail.com','1163332549','Av. Santa Fe 3421, Piso 4 A','Capital','Mendoza','M5500','$2y$12$pIMPxmlX.ZSwxdhGqxfPruTrS98OCtGshs0TTZS4hAw.Kwf3AltM2',2,NULL,'2026-06-17 21:45:59','2026-06-17 21:45:59',NULL),(5,'Lisandro','Altamirano','lisandro_alta@gmail.com','1130987654','Chacabuco 892','San Telmo','CABA','C1069','$2y$12$OYGHGhVoA01FoznKrEEa.uZ21JeezHrvsJNKtI/J.gyDkjoWSqyaW',2,NULL,'2026-06-17 21:45:59','2026-06-17 21:45:59',NULL),(6,'Eloy','Palacios','eloy.palacios@hotmail.com','1165432109','Av. Rivadavia 5210, Piso 10 B','Caballito','CABA','C1424','$2y$12$4ADVN3N5VwYLOzPKsdgpJu7i7EAfSWxIFxrKgLeJItQxw5U82FfNO',2,NULL,'2026-06-17 21:45:59','2026-06-17 21:45:59',NULL),(7,'Nicanor','Benavídez','nicanor.b@gmail.com','3415987654','Bv. Oroño 1230','Rosario','Santa Fe','S2000','$2y$12$ba0UN1L9WVEbJEkuzg2vuePdfZlv16OT4s/ThZ7h8apQ4GNyjChdu',2,NULL,'2026-06-17 21:45:59','2026-06-17 21:45:59',NULL),(8,'Aureliano','Buendía','aureliano.buendia@outlook.com','3514765432','Av. Colón 450, Depto 2','Córdoba','Córdoba','X5000','$2y$12$mC9RZ8LTYreGKHvcIpWUoeRrSGUp9GRmUqQBnChmanvj0SMiCSnfe',2,NULL,'2026-06-17 21:45:59','2026-06-17 21:45:59',NULL),(9,'Macarena','Santillán','maca.santillan@hotmail.com','2613987654','San Martín 1500','Mendoza','Mendoza','M5500','$2y$12$hdq66ThPEWXxT3THxRBv7upAwJTV7Gpck29G7f3RK3g1L1Myq/z2.',2,NULL,'2026-06-17 21:45:59','2026-06-17 21:45:59',NULL);
/*!40000 ALTER TABLE `usuarios` ENABLE KEYS */;
UNLOCK TABLES;

--
-- Table structure for table `venta_detalles`
--

DROP TABLE IF EXISTS `venta_detalles`;
/*!40101 SET @saved_cs_client     = @@character_set_client */;
/*!50503 SET character_set_client = utf8mb4 */;
CREATE TABLE `venta_detalles` (
  `id` bigint unsigned NOT NULL AUTO_INCREMENT,
  `venta_id` bigint unsigned NOT NULL,
  `producto_id` bigint unsigned NOT NULL,
  `cantidad` int NOT NULL DEFAULT '1',
  `precio_unitario` decimal(10,2) NOT NULL,
  `subtotal` decimal(10,2) NOT NULL,
  `created_at` timestamp NULL DEFAULT NULL,
  `updated_at` timestamp NULL DEFAULT NULL,
  PRIMARY KEY (`id`),
  KEY `venta_detalles_venta_id_foreign` (`venta_id`),
  KEY `venta_detalles_producto_id_foreign` (`producto_id`),
  CONSTRAINT `venta_detalles_producto_id_foreign` FOREIGN KEY (`producto_id`) REFERENCES `productos` (`id`) ON DELETE RESTRICT,
  CONSTRAINT `venta_detalles_venta_id_foreign` FOREIGN KEY (`venta_id`) REFERENCES `ventas` (`id`) ON DELETE CASCADE
) ENGINE=InnoDB AUTO_INCREMENT=291 DEFAULT CHARSET=utf8mb4 COLLATE=utf8mb4_unicode_ci;
/*!40101 SET character_set_client = @saved_cs_client */;

--
-- Dumping data for table `venta_detalles`
--

LOCK TABLES `venta_detalles` WRITE;
/*!40000 ALTER TABLE `venta_detalles` DISABLE KEYS */;
INSERT INTO `venta_detalles` VALUES (1,1,133,2,12500.00,25000.00,'2026-03-19 08:20:59','2026-03-19 08:20:59'),(2,1,148,2,9500.00,19000.00,'2026-03-19 08:20:59','2026-03-19 08:20:59'),(3,2,151,2,9500.00,19000.00,'2026-04-13 01:42:59','2026-04-13 01:42:59'),(4,3,24,3,12900.00,38700.00,'2026-06-05 10:15:59','2026-06-05 10:15:59'),(5,3,56,2,16200.00,32400.00,'2026-06-05 10:15:59','2026-06-05 10:15:59'),(6,3,158,2,9500.00,19000.00,'2026-06-05 10:15:59','2026-06-05 10:15:59'),(7,3,194,2,17200.00,34400.00,'2026-06-05 10:15:59','2026-06-05 10:15:59'),(8,4,48,1,15500.00,15500.00,'2026-05-13 19:24:59','2026-05-13 19:24:59'),(9,4,197,3,22500.00,67500.00,'2026-05-13 19:24:59','2026-05-13 19:24:59'),(10,5,11,2,13500.00,27000.00,'2026-05-04 09:44:59','2026-05-04 09:44:59'),(11,5,122,3,13800.00,41400.00,'2026-05-04 09:44:59','2026-05-04 09:44:59'),(12,6,67,1,19500.00,19500.00,'2026-06-17 06:45:59','2026-06-17 06:45:59'),(13,6,78,2,21000.00,42000.00,'2026-06-17 06:45:59','2026-06-17 06:45:59'),(14,6,81,1,18500.00,18500.00,'2026-06-17 06:45:59','2026-06-17 06:45:59'),(15,7,200,1,22500.00,22500.00,'2026-04-28 23:42:59','2026-04-28 23:42:59'),(16,8,56,1,16200.00,16200.00,'2026-03-27 04:06:59','2026-03-27 04:06:59'),(17,8,59,2,17500.00,35000.00,'2026-03-27 04:06:59','2026-03-27 04:06:59'),(18,8,77,3,21000.00,63000.00,'2026-03-27 04:06:59','2026-03-27 04:06:59'),(19,8,202,1,22500.00,22500.00,'2026-03-27 04:06:59','2026-03-27 04:06:59'),(20,9,2,3,13500.00,40500.00,'2026-04-04 06:13:59','2026-04-04 06:13:59'),(21,9,153,3,9500.00,28500.00,'2026-04-04 06:13:59','2026-04-04 06:13:59'),(22,10,160,1,8900.00,8900.00,'2026-06-17 02:45:59','2026-06-17 02:45:59'),(23,10,191,1,17200.00,17200.00,'2026-06-17 02:45:59','2026-06-17 02:45:59'),(24,11,68,1,19500.00,19500.00,'2026-06-06 18:48:59','2026-06-06 18:48:59'),(25,11,129,2,13800.00,27600.00,'2026-06-06 18:48:59','2026-06-06 18:48:59'),(26,12,118,2,24500.00,49000.00,'2026-04-23 16:31:59','2026-04-23 16:31:59'),(27,12,136,1,12500.00,12500.00,'2026-04-23 16:31:59','2026-04-23 16:31:59'),(28,12,140,1,12500.00,12500.00,'2026-04-23 16:31:59','2026-04-23 16:31:59'),(29,12,175,2,9900.00,19800.00,'2026-04-23 16:31:59','2026-04-23 16:31:59'),(30,13,43,1,15500.00,15500.00,'2026-03-21 12:43:59','2026-03-21 12:43:59'),(31,13,47,1,15500.00,15500.00,'2026-03-21 12:43:59','2026-03-21 12:43:59'),(32,13,92,1,18500.00,18500.00,'2026-03-21 12:43:59','2026-03-21 12:43:59'),(33,13,202,2,22500.00,45000.00,'2026-03-21 12:43:59','2026-03-21 12:43:59'),(34,14,22,3,12900.00,38700.00,'2026-03-25 02:40:59','2026-03-25 02:40:59'),(35,14,189,3,17200.00,51600.00,'2026-03-25 02:40:59','2026-03-25 02:40:59'),(36,15,68,1,19500.00,19500.00,'2026-04-25 03:57:59','2026-04-25 03:57:59'),(37,16,12,1,13500.00,13500.00,'2026-06-11 22:54:00','2026-06-11 22:54:00'),(38,16,39,2,15500.00,31000.00,'2026-06-11 22:54:00','2026-06-11 22:54:00'),(39,16,153,1,9500.00,9500.00,'2026-06-11 22:54:00','2026-06-11 22:54:00'),(40,16,214,2,31200.00,62400.00,'2026-06-11 22:54:00','2026-06-11 22:54:00'),(41,17,157,1,9500.00,9500.00,'2026-03-22 07:53:00','2026-03-22 07:53:00'),(42,18,80,2,21000.00,42000.00,'2026-04-11 07:56:00','2026-04-11 07:56:00'),(43,18,122,1,13800.00,13800.00,'2026-04-11 07:56:00','2026-04-11 07:56:00'),(44,18,135,2,12500.00,25000.00,'2026-04-11 07:56:00','2026-04-11 07:56:00'),(45,18,141,1,11900.00,11900.00,'2026-04-11 07:56:00','2026-04-11 07:56:00'),(46,19,108,1,19900.00,19900.00,'2026-05-08 22:40:00','2026-05-08 22:40:00'),(47,19,115,2,24500.00,49000.00,'2026-05-08 22:40:00','2026-05-08 22:40:00'),(48,20,126,3,13800.00,41400.00,'2026-06-08 04:54:00','2026-06-08 04:54:00'),(49,21,69,1,19500.00,19500.00,'2026-03-22 19:26:00','2026-03-22 19:26:00'),(50,21,159,1,8900.00,8900.00,'2026-03-22 19:26:00','2026-03-22 19:26:00'),(51,22,85,2,18500.00,37000.00,'2026-04-15 05:24:00','2026-04-15 05:24:00'),(52,23,144,2,11900.00,23800.00,'2026-04-22 16:56:00','2026-04-22 16:56:00'),(53,24,153,2,9500.00,19000.00,'2026-04-04 03:45:00','2026-04-04 03:45:00'),(54,24,156,2,9500.00,19000.00,'2026-04-04 03:45:00','2026-04-04 03:45:00'),(55,24,160,1,8900.00,8900.00,'2026-04-04 03:45:00','2026-04-04 03:45:00'),(56,25,48,3,15500.00,46500.00,'2026-06-16 17:46:00','2026-06-16 17:46:00'),(57,26,15,2,14800.00,29600.00,'2026-06-14 09:12:00','2026-06-14 09:12:00'),(58,26,102,2,22000.00,44000.00,'2026-06-14 09:12:00','2026-06-14 09:12:00'),(59,26,126,2,13800.00,27600.00,'2026-06-14 09:12:00','2026-06-14 09:12:00'),(60,26,163,1,8900.00,8900.00,'2026-06-14 09:12:00','2026-06-14 09:12:00'),(61,27,64,3,17500.00,52500.00,'2026-05-23 04:31:00','2026-05-23 04:31:00'),(62,27,71,3,19500.00,58500.00,'2026-05-23 04:31:00','2026-05-23 04:31:00'),(63,28,39,2,15500.00,31000.00,'2026-04-23 13:54:00','2026-04-23 13:54:00'),(64,28,134,1,12500.00,12500.00,'2026-04-23 13:54:00','2026-04-23 13:54:00'),(65,29,66,1,19500.00,19500.00,'2026-05-05 05:38:00','2026-05-05 05:38:00'),(66,29,189,2,17200.00,34400.00,'2026-05-05 05:38:00','2026-05-05 05:38:00'),(67,29,212,1,31200.00,31200.00,'2026-05-05 05:38:00','2026-05-05 05:38:00'),(68,30,112,2,24500.00,49000.00,'2026-05-29 19:45:00','2026-05-29 19:45:00'),(69,31,50,1,16200.00,16200.00,'2026-04-12 08:31:00','2026-04-12 08:31:00'),(70,31,176,3,9900.00,29700.00,'2026-04-12 08:31:00','2026-04-12 08:31:00'),(71,32,164,2,8900.00,17800.00,'2026-06-15 00:46:00','2026-06-15 00:46:00'),(72,33,211,2,31200.00,62400.00,'2026-04-26 11:28:00','2026-04-26 11:28:00'),(73,34,18,1,14800.00,14800.00,'2026-04-23 13:28:00','2026-04-23 13:28:00'),(74,34,51,3,16200.00,48600.00,'2026-04-23 13:28:00','2026-04-23 13:28:00'),(75,34,188,1,17200.00,17200.00,'2026-04-23 13:28:00','2026-04-23 13:28:00'),(76,34,206,1,22500.00,22500.00,'2026-04-23 13:28:00','2026-04-23 13:28:00'),(77,35,202,3,22500.00,67500.00,'2026-06-05 16:44:00','2026-06-05 16:44:00'),(78,36,68,3,19500.00,58500.00,'2026-06-16 09:46:01','2026-06-16 09:46:01'),(79,36,89,2,18500.00,37000.00,'2026-06-16 09:46:01','2026-06-16 09:46:01'),(80,36,112,2,24500.00,49000.00,'2026-06-16 09:46:01','2026-06-16 09:46:01'),(81,36,183,1,5400.00,5400.00,'2026-06-16 09:46:01','2026-06-16 09:46:01'),(82,37,59,3,17500.00,52500.00,'2026-03-23 00:52:01','2026-03-23 00:52:01'),(83,37,80,1,21000.00,21000.00,'2026-03-23 00:52:01','2026-03-23 00:52:01'),(84,37,168,2,10500.00,21000.00,'2026-03-23 00:52:01','2026-03-23 00:52:01'),(85,38,21,2,14800.00,29600.00,'2026-04-02 12:25:01','2026-04-02 12:25:01'),(86,38,68,3,19500.00,58500.00,'2026-04-02 12:25:01','2026-04-02 12:25:01'),(87,38,148,1,9500.00,9500.00,'2026-04-02 12:25:01','2026-04-02 12:25:01'),(88,38,177,2,9900.00,19800.00,'2026-04-02 12:25:01','2026-04-02 12:25:01'),(89,39,38,3,15500.00,46500.00,'2026-06-03 04:50:01','2026-06-03 04:50:01'),(90,39,91,3,18500.00,55500.00,'2026-06-03 04:50:01','2026-06-03 04:50:01'),(91,39,151,2,9500.00,19000.00,'2026-06-03 04:50:01','2026-06-03 04:50:01'),(92,39,214,2,31200.00,62400.00,'2026-06-03 04:50:01','2026-06-03 04:50:01'),(93,40,12,3,13500.00,40500.00,'2026-04-03 11:16:01','2026-04-03 11:16:01'),(94,40,73,1,19500.00,19500.00,'2026-04-03 11:16:01','2026-04-03 11:16:01'),(95,40,112,3,24500.00,73500.00,'2026-04-03 11:16:01','2026-04-03 11:16:01'),(96,40,130,1,13800.00,13800.00,'2026-04-03 11:16:01','2026-04-03 11:16:01'),(97,41,119,2,24500.00,49000.00,'2026-04-21 06:19:01','2026-04-21 06:19:01'),(98,41,207,3,22500.00,67500.00,'2026-04-21 06:19:01','2026-04-21 06:19:01'),(99,42,16,1,14800.00,14800.00,'2026-03-23 17:31:01','2026-03-23 17:31:01'),(100,42,59,3,17500.00,52500.00,'2026-03-23 17:31:01','2026-03-23 17:31:01'),(101,42,135,3,12500.00,37500.00,'2026-03-23 17:31:01','2026-03-23 17:31:01'),(102,42,204,1,22500.00,22500.00,'2026-03-23 17:31:01','2026-03-23 17:31:01'),(103,43,104,3,22000.00,66000.00,'2026-06-01 20:06:01','2026-06-01 20:06:01'),(104,43,161,1,8900.00,8900.00,'2026-06-01 20:06:01','2026-06-01 20:06:01'),(105,43,176,3,9900.00,29700.00,'2026-06-01 20:06:01','2026-06-01 20:06:01'),(106,43,181,1,9900.00,9900.00,'2026-06-01 20:06:01','2026-06-01 20:06:01'),(107,44,32,1,11500.00,11500.00,'2026-05-29 11:34:01','2026-05-29 11:34:01'),(108,44,72,1,19500.00,19500.00,'2026-05-29 11:34:01','2026-05-29 11:34:01'),(109,44,97,3,22000.00,66000.00,'2026-05-29 11:34:01','2026-05-29 11:34:01'),(110,45,108,3,19900.00,59700.00,'2026-05-06 03:08:01','2026-05-06 03:08:01'),(111,46,50,2,16200.00,32400.00,'2026-05-02 15:04:01','2026-05-02 15:04:01'),(112,47,13,2,14800.00,29600.00,'2026-06-06 20:23:01','2026-06-06 20:23:01'),(113,47,151,1,9500.00,9500.00,'2026-06-06 20:23:01','2026-06-06 20:23:01'),(114,48,62,1,17500.00,17500.00,'2026-06-16 10:46:01','2026-06-16 10:46:01'),(115,48,90,3,18500.00,55500.00,'2026-06-16 10:46:01','2026-06-16 10:46:01'),(116,48,91,3,18500.00,55500.00,'2026-06-16 10:46:01','2026-06-16 10:46:01'),(117,48,153,3,9500.00,28500.00,'2026-06-16 10:46:01','2026-06-16 10:46:01'),(118,49,36,2,11500.00,23000.00,'2026-06-16 14:46:01','2026-06-16 14:46:01'),(119,49,59,2,17500.00,35000.00,'2026-06-16 14:46:01','2026-06-16 14:46:01'),(120,49,151,1,9500.00,9500.00,'2026-06-16 14:46:01','2026-06-16 14:46:01'),(121,50,38,2,15500.00,31000.00,'2026-04-11 18:05:01','2026-04-11 18:05:01'),(122,50,146,2,11900.00,23800.00,'2026-04-11 18:05:01','2026-04-11 18:05:01'),(123,50,209,2,31200.00,62400.00,'2026-04-11 18:05:01','2026-04-11 18:05:01'),(124,51,11,2,13500.00,27000.00,'2026-05-24 15:17:01','2026-05-24 15:17:01'),(125,51,91,2,18500.00,37000.00,'2026-05-24 15:17:01','2026-05-24 15:17:01'),(126,52,22,3,12900.00,38700.00,'2026-06-02 01:28:01','2026-06-02 01:28:01'),(127,53,54,3,16200.00,48600.00,'2026-05-10 07:17:01','2026-05-10 07:17:01'),(128,53,209,1,31200.00,31200.00,'2026-05-10 07:17:01','2026-05-10 07:17:01'),(129,54,37,2,15500.00,31000.00,'2026-04-03 11:30:01','2026-04-03 11:30:01'),(130,54,53,2,16200.00,32400.00,'2026-04-03 11:30:01','2026-04-03 11:30:01'),(131,54,67,2,19500.00,39000.00,'2026-04-03 11:30:01','2026-04-03 11:30:01'),(132,54,186,2,5400.00,10800.00,'2026-04-03 11:30:01','2026-04-03 11:30:01'),(133,55,194,2,17200.00,34400.00,'2026-04-05 10:33:01','2026-04-05 10:33:01'),(134,55,211,3,31200.00,93600.00,'2026-04-05 10:33:01','2026-04-05 10:33:01'),(135,56,41,3,15500.00,46500.00,'2026-04-08 16:30:01','2026-04-08 16:30:01'),(136,56,89,1,18500.00,18500.00,'2026-04-08 16:30:01','2026-04-08 16:30:01'),(137,56,121,1,13800.00,13800.00,'2026-04-08 16:30:01','2026-04-08 16:30:01'),(138,56,151,1,9500.00,9500.00,'2026-04-08 16:30:01','2026-04-08 16:30:01'),(139,57,17,3,14800.00,44400.00,'2026-04-14 06:05:01','2026-04-14 06:05:01'),(140,57,142,3,11900.00,35700.00,'2026-04-14 06:05:01','2026-04-14 06:05:01'),(141,58,55,1,16200.00,16200.00,'2026-06-17 12:46:01','2026-06-17 12:46:01'),(142,58,200,3,22500.00,67500.00,'2026-06-17 12:46:01','2026-06-17 12:46:01'),(143,59,82,1,18500.00,18500.00,'2026-04-20 01:05:01','2026-04-20 01:05:01'),(144,60,201,3,22500.00,67500.00,'2026-04-23 04:55:01','2026-04-23 04:55:01'),(145,61,79,2,21000.00,42000.00,'2026-06-05 23:28:01','2026-06-05 23:28:01'),(146,61,174,1,9900.00,9900.00,'2026-06-05 23:28:01','2026-06-05 23:28:01'),(147,61,212,1,31200.00,31200.00,'2026-06-05 23:28:01','2026-06-05 23:28:01'),(148,62,1,1,13500.00,13500.00,'2026-04-27 04:32:02','2026-04-27 04:32:02'),(149,62,197,1,22500.00,22500.00,'2026-04-27 04:32:02','2026-04-27 04:32:02'),(150,62,214,1,31200.00,31200.00,'2026-04-27 04:32:02','2026-04-27 04:32:02'),(151,63,3,2,13500.00,27000.00,'2026-04-30 21:54:02','2026-04-30 21:54:02'),(152,63,12,3,13500.00,40500.00,'2026-04-30 21:54:02','2026-04-30 21:54:02'),(153,63,45,2,15500.00,31000.00,'2026-04-30 21:54:02','2026-04-30 21:54:02'),(154,63,62,2,17500.00,35000.00,'2026-04-30 21:54:02','2026-04-30 21:54:02'),(155,64,4,3,13500.00,40500.00,'2026-05-03 04:21:02','2026-05-03 04:21:02'),(156,64,6,3,13500.00,40500.00,'2026-05-03 04:21:02','2026-05-03 04:21:02'),(157,64,83,2,18500.00,37000.00,'2026-05-03 04:21:02','2026-05-03 04:21:02'),(158,64,87,3,18500.00,55500.00,'2026-05-03 04:21:02','2026-05-03 04:21:02'),(159,65,64,2,17500.00,35000.00,'2026-06-01 10:43:02','2026-06-01 10:43:02'),(160,66,121,1,13800.00,13800.00,'2026-03-30 02:16:02','2026-03-30 02:16:02'),(161,66,131,3,13800.00,41400.00,'2026-03-30 02:16:02','2026-03-30 02:16:02'),(162,66,146,2,11900.00,23800.00,'2026-03-30 02:16:02','2026-03-30 02:16:02'),(163,67,153,1,9500.00,9500.00,'2026-05-04 20:06:02','2026-05-04 20:06:02'),(164,68,5,2,13500.00,27000.00,'2026-04-07 22:36:02','2026-04-07 22:36:02'),(165,68,10,3,13500.00,40500.00,'2026-04-07 22:36:02','2026-04-07 22:36:02'),(166,68,54,2,16200.00,32400.00,'2026-04-07 22:36:02','2026-04-07 22:36:02'),(167,69,5,2,13500.00,27000.00,'2026-06-17 20:46:02','2026-06-17 20:46:02'),(168,70,54,1,16200.00,16200.00,'2026-05-20 23:41:02','2026-05-20 23:41:02'),(169,70,91,2,18500.00,37000.00,'2026-05-20 23:41:02','2026-05-20 23:41:02'),(170,70,215,1,31200.00,31200.00,'2026-05-20 23:41:02','2026-05-20 23:41:02'),(171,71,63,2,17500.00,35000.00,'2026-03-27 19:53:02','2026-03-27 19:53:02'),(172,72,13,1,14800.00,14800.00,'2026-06-17 07:46:02','2026-06-17 07:46:02'),(173,72,92,3,18500.00,55500.00,'2026-06-17 07:46:02','2026-06-17 07:46:02'),(174,72,175,3,9900.00,29700.00,'2026-06-17 07:46:02','2026-06-17 07:46:02'),(175,73,14,1,14800.00,14800.00,'2026-04-20 14:53:02','2026-04-20 14:53:02'),(176,74,80,1,21000.00,21000.00,'2026-06-14 23:46:02','2026-06-14 23:46:02'),(177,74,163,1,8900.00,8900.00,'2026-06-14 23:46:02','2026-06-14 23:46:02'),(178,75,38,3,15500.00,46500.00,'2026-05-13 03:40:02','2026-05-13 03:40:02'),(179,75,76,1,21000.00,21000.00,'2026-05-13 03:40:02','2026-05-13 03:40:02'),(180,75,177,3,9900.00,29700.00,'2026-05-13 03:40:02','2026-05-13 03:40:02'),(181,76,32,1,11500.00,11500.00,'2026-05-13 09:48:02','2026-05-13 09:48:02'),(182,77,30,3,11500.00,34500.00,'2026-05-25 08:29:02','2026-05-25 08:29:02'),(183,77,184,3,5400.00,16200.00,'2026-05-25 08:29:02','2026-05-25 08:29:02'),(184,77,216,3,31200.00,93600.00,'2026-05-25 08:29:02','2026-05-25 08:29:02'),(185,78,61,3,17500.00,52500.00,'2026-06-14 08:51:02','2026-06-14 08:51:02'),(186,79,25,2,12900.00,25800.00,'2026-06-17 19:46:02','2026-06-17 19:46:02'),(187,79,35,2,11500.00,23000.00,'2026-06-17 19:46:02','2026-06-17 19:46:02'),(188,79,58,3,17500.00,52500.00,'2026-06-17 19:46:02','2026-06-17 19:46:02'),(189,79,163,1,8900.00,8900.00,'2026-06-17 19:46:02','2026-06-17 19:46:02'),(190,80,97,2,22000.00,44000.00,'2026-04-08 02:00:02','2026-04-08 02:00:02'),(191,80,144,1,11900.00,11900.00,'2026-04-08 02:00:02','2026-04-08 02:00:02'),(192,81,130,3,13800.00,41400.00,'2026-05-23 22:58:02','2026-05-23 22:58:02'),(193,82,58,3,17500.00,52500.00,'2026-03-19 14:42:02','2026-03-19 14:42:02'),(194,82,68,1,19500.00,19500.00,'2026-03-19 14:42:02','2026-03-19 14:42:02'),(195,82,131,3,13800.00,41400.00,'2026-03-19 14:42:02','2026-03-19 14:42:02'),(196,83,8,2,13500.00,27000.00,'2026-03-22 15:05:02','2026-03-22 15:05:02'),(197,84,74,3,19500.00,58500.00,'2026-04-18 15:30:02','2026-04-18 15:30:02'),(198,84,134,3,12500.00,37500.00,'2026-04-18 15:30:02','2026-04-18 15:30:02'),(199,85,72,3,19500.00,58500.00,'2026-03-22 06:55:02','2026-03-22 06:55:02'),(200,85,90,1,18500.00,18500.00,'2026-03-22 06:55:02','2026-03-22 06:55:02'),(201,86,19,3,14800.00,44400.00,'2026-06-06 00:36:02','2026-06-06 00:36:02'),(202,86,78,3,21000.00,63000.00,'2026-06-06 00:36:02','2026-06-06 00:36:02'),(203,86,208,2,22500.00,45000.00,'2026-06-06 00:36:02','2026-06-06 00:36:02'),(204,87,68,2,19500.00,39000.00,'2026-04-09 08:41:02','2026-04-09 08:41:02'),(205,87,129,3,13800.00,41400.00,'2026-04-09 08:41:02','2026-04-09 08:41:02'),(206,87,159,3,8900.00,26700.00,'2026-04-09 08:41:02','2026-04-09 08:41:02'),(207,88,78,1,21000.00,21000.00,'2026-05-23 22:10:02','2026-05-23 22:10:02'),(208,88,116,2,24500.00,49000.00,'2026-05-23 22:10:02','2026-05-23 22:10:02'),(209,89,111,1,24500.00,24500.00,'2026-06-16 11:31:03','2026-06-16 11:31:03'),(210,89,214,1,31200.00,31200.00,'2026-06-16 11:31:03','2026-06-16 11:31:03'),(211,90,35,1,11500.00,11500.00,'2026-04-30 12:21:03','2026-04-30 12:21:03'),(212,90,131,3,13800.00,41400.00,'2026-04-30 12:21:03','2026-04-30 12:21:03'),(213,91,4,1,13500.00,13500.00,'2026-05-31 02:19:03','2026-05-31 02:19:03'),(214,91,46,3,15500.00,46500.00,'2026-05-31 02:19:03','2026-05-31 02:19:03'),(215,91,56,3,16200.00,48600.00,'2026-05-31 02:19:03','2026-05-31 02:19:03'),(216,91,105,2,19900.00,39800.00,'2026-05-31 02:19:03','2026-05-31 02:19:03'),(217,92,36,1,11500.00,11500.00,'2026-04-08 13:44:03','2026-04-08 13:44:03'),(218,92,139,3,12500.00,37500.00,'2026-04-08 13:44:03','2026-04-08 13:44:03'),(219,92,167,3,10500.00,31500.00,'2026-04-08 13:44:03','2026-04-08 13:44:03'),(220,93,97,2,22000.00,44000.00,'2026-04-19 03:03:03','2026-04-19 03:03:03'),(221,93,143,2,11900.00,23800.00,'2026-04-19 03:03:03','2026-04-19 03:03:03'),(222,94,5,2,13500.00,27000.00,'2026-06-14 17:12:03','2026-06-14 17:12:03'),(223,94,171,2,10500.00,21000.00,'2026-06-14 17:12:03','2026-06-14 17:12:03'),(224,94,201,1,22500.00,22500.00,'2026-06-14 17:12:03','2026-06-14 17:12:03'),(225,95,123,2,13800.00,27600.00,'2026-03-23 23:26:03','2026-03-23 23:26:03'),(226,95,142,2,11900.00,23800.00,'2026-03-23 23:26:03','2026-03-23 23:26:03'),(227,95,170,3,10500.00,31500.00,'2026-03-23 23:26:03','2026-03-23 23:26:03'),(228,96,136,1,12500.00,12500.00,'2026-05-19 09:35:03','2026-05-19 09:35:03'),(229,96,195,2,17200.00,34400.00,'2026-05-19 09:35:03','2026-05-19 09:35:03'),(230,97,77,1,21000.00,21000.00,'2026-04-11 16:44:03','2026-04-11 16:44:03'),(231,97,112,3,24500.00,73500.00,'2026-04-11 16:44:03','2026-04-11 16:44:03'),(232,97,177,2,9900.00,19800.00,'2026-04-11 16:44:03','2026-04-11 16:44:03'),(233,98,44,1,15500.00,15500.00,'2026-05-31 03:15:03','2026-05-31 03:15:03'),(234,98,142,1,11900.00,11900.00,'2026-05-31 03:15:03','2026-05-31 03:15:03'),(235,99,127,2,13800.00,27600.00,'2026-06-01 15:46:03','2026-06-01 15:46:03'),(236,99,154,1,9500.00,9500.00,'2026-06-01 15:46:03','2026-06-01 15:46:03'),(237,99,173,3,9900.00,29700.00,'2026-06-01 15:46:03','2026-06-01 15:46:03'),(238,100,91,2,18500.00,37000.00,'2026-05-17 13:37:03','2026-05-17 13:37:03'),(239,100,133,1,12500.00,12500.00,'2026-05-17 13:37:03','2026-05-17 13:37:03'),(240,101,119,2,24500.00,49000.00,'2026-05-28 00:32:03','2026-05-28 00:32:03'),(241,101,131,2,13800.00,27600.00,'2026-05-28 00:32:03','2026-05-28 00:32:03'),(242,102,3,3,13500.00,40500.00,'2026-04-23 22:44:03','2026-04-23 22:44:03'),(243,102,19,3,14800.00,44400.00,'2026-04-23 22:44:03','2026-04-23 22:44:03'),(244,102,132,1,12500.00,12500.00,'2026-04-23 22:44:03','2026-04-23 22:44:03'),(245,102,174,3,9900.00,29700.00,'2026-04-23 22:44:03','2026-04-23 22:44:03'),(246,103,208,3,22500.00,67500.00,'2026-03-18 23:09:03','2026-03-18 23:09:03'),(247,104,104,2,22000.00,44000.00,'2026-05-22 01:44:03','2026-05-22 01:44:03'),(248,105,179,1,9900.00,9900.00,'2026-03-31 21:46:03','2026-03-31 21:46:03'),(249,105,186,3,5400.00,16200.00,'2026-03-31 21:46:03','2026-03-31 21:46:03'),(250,105,204,3,22500.00,67500.00,'2026-03-31 21:46:03','2026-03-31 21:46:03'),(251,106,8,3,13500.00,40500.00,'2026-06-03 12:26:03','2026-06-03 12:26:03'),(252,106,34,3,11500.00,34500.00,'2026-06-03 12:26:03','2026-06-03 12:26:03'),(253,106,111,3,24500.00,73500.00,'2026-06-03 12:26:03','2026-06-03 12:26:03'),(254,106,208,3,22500.00,67500.00,'2026-06-03 12:26:03','2026-06-03 12:26:03'),(255,107,5,1,13500.00,13500.00,'2026-06-08 06:38:03','2026-06-08 06:38:03'),(256,107,212,2,31200.00,62400.00,'2026-06-08 06:38:03','2026-06-08 06:38:03'),(257,108,63,2,17500.00,35000.00,'2026-06-15 10:46:03','2026-06-15 10:46:03'),(258,108,64,3,17500.00,52500.00,'2026-06-15 10:46:03','2026-06-15 10:46:03'),(259,108,97,2,22000.00,44000.00,'2026-06-15 10:46:03','2026-06-15 10:46:03'),(260,108,173,2,9900.00,19800.00,'2026-06-15 10:46:03','2026-06-15 10:46:03'),(261,109,85,3,18500.00,55500.00,'2026-04-29 13:46:03','2026-04-29 13:46:03'),(262,109,121,2,13800.00,27600.00,'2026-04-29 13:46:03','2026-04-29 13:46:03'),(263,109,205,1,22500.00,22500.00,'2026-04-29 13:46:03','2026-04-29 13:46:03'),(264,109,207,1,22500.00,22500.00,'2026-04-29 13:46:03','2026-04-29 13:46:03'),(265,110,26,1,12900.00,12900.00,'2026-06-11 11:51:03','2026-06-11 11:51:03'),(266,110,29,2,11500.00,23000.00,'2026-06-11 11:51:03','2026-06-11 11:51:03'),(267,110,95,3,22000.00,66000.00,'2026-06-11 11:51:03','2026-06-11 11:51:03'),(268,111,80,1,21000.00,21000.00,'2026-06-15 15:02:03','2026-06-15 15:02:03'),(269,112,13,3,14800.00,44400.00,'2026-06-17 08:46:03','2026-06-17 08:46:03'),(270,112,23,1,12900.00,12900.00,'2026-06-17 08:46:03','2026-06-17 08:46:03'),(271,112,145,1,11900.00,11900.00,'2026-06-17 08:46:03','2026-06-17 08:46:03'),(272,113,2,1,13500.00,13500.00,'2026-05-29 11:03:03','2026-05-29 11:03:03'),(273,113,178,3,9900.00,29700.00,'2026-05-29 11:03:03','2026-05-29 11:03:03'),(274,114,80,2,21000.00,42000.00,'2026-06-11 18:51:04','2026-06-11 18:51:04'),(275,114,94,3,22000.00,66000.00,'2026-06-11 18:51:04','2026-06-11 18:51:04'),(276,114,190,2,17200.00,34400.00,'2026-06-11 18:51:04','2026-06-11 18:51:04'),(277,114,217,3,31200.00,93600.00,'2026-06-11 18:51:04','2026-06-11 18:51:04'),(278,115,73,1,19500.00,19500.00,'2026-03-21 19:57:04','2026-03-21 19:57:04'),(279,115,200,3,22500.00,67500.00,'2026-03-21 19:57:04','2026-03-21 19:57:04'),(280,115,217,1,31200.00,31200.00,'2026-03-21 19:57:04','2026-03-21 19:57:04'),(281,116,50,1,16200.00,16200.00,'2026-05-16 12:11:04','2026-05-16 12:11:04'),(282,117,111,2,24500.00,49000.00,'2026-04-08 00:51:04','2026-04-08 00:51:04'),(283,118,114,3,24500.00,73500.00,'2026-05-04 14:38:04','2026-05-04 14:38:04'),(284,119,8,2,13500.00,27000.00,'2026-03-21 11:50:04','2026-03-21 11:50:04'),(285,119,79,1,21000.00,21000.00,'2026-03-21 11:50:04','2026-03-21 11:50:04'),(286,119,91,2,18500.00,37000.00,'2026-03-21 11:50:04','2026-03-21 11:50:04'),(287,119,132,2,12500.00,25000.00,'2026-03-21 11:50:04','2026-03-21 11:50:04'),(288,120,81,1,18500.00,18500.00,'2026-06-16 09:46:04','2026-06-16 09:46:04'),(289,120,107,1,19900.00,19900.00,'2026-06-16 09:46:04','2026-06-16 09:46:04'),(290,25,4,1,13500.00,13500.00,'2026-06-17 22:41:45','2026-06-17 22:41:45');
/*!40000 ALTER TABLE `venta_detalles` ENABLE KEYS */;
UNLOCK TABLES;

--
-- Table structure for table `ventas`
--

DROP TABLE IF EXISTS `ventas`;
/*!40101 SET @saved_cs_client     = @@character_set_client */;
/*!50503 SET character_set_client = utf8mb4 */;
CREATE TABLE `ventas` (
  `id` bigint unsigned NOT NULL AUTO_INCREMENT,
  `fecha_venta` datetime DEFAULT NULL,
  `fecha_despacho` datetime DEFAULT NULL,
  `usuario_id` bigint unsigned DEFAULT NULL,
  `estado` enum('CARRITO','CONFIRMADO','DESPACHADO') COLLATE utf8mb4_unicode_ci NOT NULL DEFAULT 'CARRITO',
  `total` decimal(10,2) NOT NULL DEFAULT '0.00',
  `forma_pago_id` bigint unsigned DEFAULT NULL,
  `created_at` timestamp NULL DEFAULT NULL,
  `updated_at` timestamp NULL DEFAULT NULL,
  `deleted_at` timestamp NULL DEFAULT NULL,
  PRIMARY KEY (`id`),
  KEY `ventas_usuario_id_foreign` (`usuario_id`),
  KEY `ventas_forma_pago_id_foreign` (`forma_pago_id`),
  KEY `ventas_fecha_venta_index` (`fecha_venta`),
  CONSTRAINT `ventas_forma_pago_id_foreign` FOREIGN KEY (`forma_pago_id`) REFERENCES `formas_pago` (`id`) ON DELETE RESTRICT,
  CONSTRAINT `ventas_usuario_id_foreign` FOREIGN KEY (`usuario_id`) REFERENCES `usuarios` (`id`) ON DELETE SET NULL
) ENGINE=InnoDB AUTO_INCREMENT=121 DEFAULT CHARSET=utf8mb4 COLLATE=utf8mb4_unicode_ci;
/*!40101 SET character_set_client = @saved_cs_client */;

--
-- Dumping data for table `ventas`
--

LOCK TABLES `ventas` WRITE;
/*!40000 ALTER TABLE `ventas` DISABLE KEYS */;
INSERT INTO `ventas` VALUES (1,'2026-03-19 05:40:59','2026-03-21 03:40:59',4,'DESPACHADO',44000.00,3,'2026-03-19 08:20:59','2026-06-17 21:45:59',NULL),(2,'2026-04-12 23:12:59',NULL,9,'CONFIRMADO',19000.00,3,'2026-04-13 01:42:59','2026-06-17 21:45:59',NULL),(3,'2026-06-05 07:26:59',NULL,6,'CONFIRMADO',124500.00,3,'2026-06-05 10:15:59','2026-06-17 21:45:59',NULL),(4,'2026-05-13 16:52:59','2026-05-13 22:52:59',2,'DESPACHADO',83000.00,2,'2026-05-13 19:24:59','2026-06-17 21:45:59',NULL),(5,'2026-05-04 06:51:59',NULL,4,'CONFIRMADO',68400.00,2,'2026-05-04 09:44:59','2026-06-17 21:45:59',NULL),(6,NULL,NULL,4,'CARRITO',80000.00,NULL,'2026-06-17 06:45:59','2026-06-17 21:45:59',NULL),(7,'2026-04-28 20:52:59','2026-04-29 02:52:59',3,'DESPACHADO',22500.00,1,'2026-04-28 23:42:59','2026-06-17 21:45:59',NULL),(8,'2026-03-27 01:16:59','2026-03-27 20:16:59',4,'DESPACHADO',136700.00,3,'2026-03-27 04:06:59','2026-06-17 21:45:59',NULL),(9,'2026-04-04 03:30:59',NULL,5,'CONFIRMADO',69000.00,3,'2026-04-04 06:13:59','2026-06-17 21:45:59',NULL),(10,NULL,NULL,5,'CARRITO',26100.00,NULL,'2026-06-17 02:45:59','2026-06-17 21:45:59',NULL),(11,'2026-06-06 16:18:59',NULL,9,'CONFIRMADO',47100.00,3,'2026-06-06 18:48:59','2026-06-17 21:45:59',NULL),(12,'2026-04-23 13:44:59','2026-04-24 13:44:59',2,'DESPACHADO',93800.00,2,'2026-04-23 16:31:59','2026-06-17 21:45:59',NULL),(13,'2026-03-21 10:15:59','2026-03-22 09:15:59',4,'DESPACHADO',94500.00,3,'2026-03-21 12:43:59','2026-06-17 21:45:59',NULL),(14,'2026-03-24 23:46:59',NULL,6,'CONFIRMADO',90300.00,1,'2026-03-25 02:40:59','2026-06-17 21:45:59',NULL),(15,'2026-04-25 01:02:59','2026-04-26 09:02:59',3,'DESPACHADO',19500.00,1,'2026-04-25 03:57:59','2026-06-17 21:45:59',NULL),(16,'2026-06-11 20:33:00',NULL,8,'CONFIRMADO',116400.00,3,'2026-06-11 22:54:00','2026-06-17 21:46:00',NULL),(17,'2026-03-22 05:31:00','2026-03-23 08:31:00',5,'DESPACHADO',9500.00,1,'2026-03-22 07:53:00','2026-06-17 21:46:00',NULL),(18,'2026-04-11 05:19:00',NULL,7,'CONFIRMADO',92700.00,1,'2026-04-11 07:56:00','2026-06-17 21:46:00',NULL),(19,'2026-05-08 20:02:00','2026-05-10 04:02:00',6,'DESPACHADO',68900.00,1,'2026-05-08 22:40:00','2026-06-17 21:46:00',NULL),(20,'2026-06-08 02:22:00','2026-06-08 13:22:00',3,'DESPACHADO',41400.00,2,'2026-06-08 04:54:00','2026-06-17 21:46:00',NULL),(21,'2026-03-22 16:33:00','2026-03-24 03:33:00',6,'DESPACHADO',28400.00,3,'2026-03-22 19:26:00','2026-06-17 21:46:00',NULL),(22,'2026-04-15 02:56:00','2026-04-15 18:56:00',7,'DESPACHADO',37000.00,2,'2026-04-15 05:24:00','2026-06-17 21:46:00',NULL),(23,'2026-04-22 14:04:00','2026-04-23 22:04:00',7,'DESPACHADO',23800.00,3,'2026-04-22 16:56:00','2026-06-17 21:46:00',NULL),(24,'2026-04-04 01:01:00',NULL,9,'CONFIRMADO',46900.00,1,'2026-04-04 03:45:00','2026-06-17 21:46:00',NULL),(25,NULL,NULL,2,'CARRITO',60000.00,NULL,'2026-06-16 17:46:00','2026-06-17 22:41:45',NULL),(26,'2026-06-14 06:25:00',NULL,5,'CONFIRMADO',110100.00,1,'2026-06-14 09:12:00','2026-06-17 21:46:00',NULL),(27,'2026-05-23 02:14:00','2026-05-23 16:14:00',7,'DESPACHADO',111000.00,2,'2026-05-23 04:31:00','2026-06-17 21:46:00',NULL),(28,'2026-04-23 11:30:00',NULL,7,'CONFIRMADO',43500.00,3,'2026-04-23 13:54:00','2026-06-17 21:46:00',NULL),(29,'2026-05-05 02:56:00',NULL,2,'CONFIRMADO',85100.00,3,'2026-05-05 05:38:00','2026-06-17 21:46:00',NULL),(30,'2026-05-29 17:00:00','2026-05-30 05:00:00',4,'DESPACHADO',49000.00,3,'2026-05-29 19:45:00','2026-06-17 21:46:00',NULL),(31,'2026-04-12 05:44:00',NULL,2,'CONFIRMADO',45900.00,3,'2026-04-12 08:31:00','2026-06-17 21:46:00',NULL),(32,NULL,NULL,5,'CARRITO',17800.00,NULL,'2026-06-15 00:46:00','2026-06-17 21:46:00',NULL),(33,'2026-04-26 08:34:00',NULL,6,'CONFIRMADO',62400.00,1,'2026-04-26 11:28:00','2026-06-17 21:46:00',NULL),(34,'2026-04-23 11:13:00',NULL,4,'CONFIRMADO',103100.00,2,'2026-04-23 13:28:00','2026-06-17 21:46:00',NULL),(35,'2026-06-05 14:24:00','2026-06-06 12:24:00',5,'DESPACHADO',67500.00,2,'2026-06-05 16:44:00','2026-06-17 21:46:01',NULL),(36,NULL,NULL,6,'CARRITO',149900.00,NULL,'2026-06-16 09:46:01','2026-06-17 21:46:01',NULL),(37,'2026-03-22 21:58:01','2026-03-24 07:58:01',2,'DESPACHADO',94500.00,2,'2026-03-23 00:52:01','2026-06-17 21:46:01',NULL),(38,'2026-04-02 09:39:01','2026-04-04 09:39:01',3,'DESPACHADO',117400.00,2,'2026-04-02 12:25:01','2026-06-17 21:46:01',NULL),(39,'2026-06-03 02:35:01','2026-06-03 21:35:01',9,'DESPACHADO',183400.00,1,'2026-06-03 04:50:01','2026-06-17 21:46:01',NULL),(40,'2026-04-03 08:52:01','2026-04-04 21:52:01',4,'DESPACHADO',147300.00,3,'2026-04-03 11:16:01','2026-06-17 21:46:01',NULL),(41,'2026-04-21 03:53:01',NULL,2,'CONFIRMADO',116500.00,2,'2026-04-21 06:19:01','2026-06-17 21:46:01',NULL),(42,'2026-03-23 14:40:01',NULL,2,'CONFIRMADO',127300.00,2,'2026-03-23 17:31:01','2026-06-17 21:46:01',NULL),(43,'2026-06-01 17:36:01',NULL,5,'CONFIRMADO',114500.00,3,'2026-06-01 20:06:01','2026-06-17 21:46:01',NULL),(44,'2026-05-29 09:15:01','2026-05-30 00:15:01',9,'DESPACHADO',97000.00,3,'2026-05-29 11:34:01','2026-06-17 21:46:01',NULL),(45,'2026-05-06 00:19:01',NULL,4,'CONFIRMADO',59700.00,3,'2026-05-06 03:08:01','2026-06-17 21:46:01',NULL),(46,'2026-05-02 12:10:01','2026-05-04 07:10:01',3,'DESPACHADO',32400.00,2,'2026-05-02 15:04:01','2026-06-17 21:46:01',NULL),(47,'2026-06-06 17:40:01','2026-06-07 23:40:01',6,'DESPACHADO',39100.00,2,'2026-06-06 20:23:01','2026-06-17 21:46:01',NULL),(48,NULL,NULL,3,'CARRITO',157000.00,NULL,'2026-06-16 10:46:01','2026-06-17 21:46:01',NULL),(49,NULL,NULL,8,'CARRITO',67500.00,NULL,'2026-06-16 14:46:01','2026-06-17 21:46:01',NULL),(50,'2026-04-11 15:20:01',NULL,7,'CONFIRMADO',117200.00,1,'2026-04-11 18:05:01','2026-06-17 21:46:01',NULL),(51,'2026-05-24 12:30:01',NULL,4,'CONFIRMADO',64000.00,1,'2026-05-24 15:17:01','2026-06-17 21:46:01',NULL),(52,'2026-06-01 23:10:01','2026-06-02 21:10:01',5,'DESPACHADO',38700.00,2,'2026-06-02 01:28:01','2026-06-17 21:46:01',NULL),(53,'2026-05-10 04:35:01','2026-05-10 20:35:01',9,'DESPACHADO',79800.00,1,'2026-05-10 07:17:01','2026-06-17 21:46:01',NULL),(54,'2026-04-03 09:06:01',NULL,5,'CONFIRMADO',113200.00,2,'2026-04-03 11:30:01','2026-06-17 21:46:01',NULL),(55,'2026-04-05 07:53:01','2026-04-06 10:53:01',4,'DESPACHADO',128000.00,1,'2026-04-05 10:33:01','2026-06-17 21:46:01',NULL),(56,'2026-04-08 14:11:01',NULL,9,'CONFIRMADO',88300.00,3,'2026-04-08 16:30:01','2026-06-17 21:46:01',NULL),(57,'2026-04-14 03:26:01','2026-04-14 13:26:01',3,'DESPACHADO',80100.00,1,'2026-04-14 06:05:01','2026-06-17 21:46:01',NULL),(58,NULL,NULL,9,'CARRITO',83700.00,NULL,'2026-06-17 12:46:01','2026-06-17 21:46:01',NULL),(59,'2026-04-19 22:12:01','2026-04-20 17:12:01',5,'DESPACHADO',18500.00,2,'2026-04-20 01:05:01','2026-06-17 21:46:01',NULL),(60,'2026-04-23 02:23:01','2026-04-24 09:23:01',2,'DESPACHADO',67500.00,2,'2026-04-23 04:55:01','2026-06-17 21:46:01',NULL),(61,'2026-06-05 20:45:01',NULL,3,'CONFIRMADO',83100.00,3,'2026-06-05 23:28:01','2026-06-17 21:46:02',NULL),(62,'2026-04-27 02:05:02',NULL,6,'CONFIRMADO',67200.00,1,'2026-04-27 04:32:02','2026-06-17 21:46:02',NULL),(63,'2026-04-30 19:24:02','2026-05-01 01:24:02',5,'DESPACHADO',133500.00,3,'2026-04-30 21:54:02','2026-06-17 21:46:02',NULL),(64,'2026-05-03 01:43:02',NULL,7,'CONFIRMADO',173500.00,1,'2026-05-03 04:21:02','2026-06-17 21:46:02',NULL),(65,'2026-06-01 07:51:02',NULL,3,'CONFIRMADO',35000.00,2,'2026-06-01 10:43:02','2026-06-17 21:46:02',NULL),(66,'2026-03-29 23:35:02',NULL,8,'CONFIRMADO',79000.00,2,'2026-03-30 02:16:02','2026-06-17 21:46:02',NULL),(67,'2026-05-04 17:25:02',NULL,8,'CONFIRMADO',9500.00,2,'2026-05-04 20:06:02','2026-06-17 21:46:02',NULL),(68,'2026-04-07 20:08:02',NULL,4,'CONFIRMADO',99900.00,2,'2026-04-07 22:36:02','2026-06-17 21:46:02',NULL),(69,NULL,NULL,7,'CARRITO',27000.00,NULL,'2026-06-17 20:46:02','2026-06-17 21:46:02',NULL),(70,'2026-05-20 21:02:02','2026-05-21 16:02:02',7,'DESPACHADO',84400.00,3,'2026-05-20 23:41:02','2026-06-17 21:46:02',NULL),(71,'2026-03-27 17:14:02',NULL,9,'CONFIRMADO',35000.00,1,'2026-03-27 19:53:02','2026-06-17 21:46:02',NULL),(72,NULL,NULL,4,'CARRITO',100000.00,NULL,'2026-06-17 07:46:02','2026-06-17 21:46:02',NULL),(73,'2026-04-20 12:22:02','2026-04-21 16:22:02',5,'DESPACHADO',14800.00,2,'2026-04-20 14:53:02','2026-06-17 21:46:02',NULL),(74,NULL,NULL,9,'CARRITO',29900.00,NULL,'2026-06-14 23:46:02','2026-06-17 21:46:02',NULL),(75,'2026-05-13 00:51:02',NULL,5,'CONFIRMADO',97200.00,2,'2026-05-13 03:40:02','2026-06-17 21:46:02',NULL),(76,'2026-05-13 07:33:02','2026-05-15 06:33:02',5,'DESPACHADO',11500.00,3,'2026-05-13 09:48:02','2026-06-17 21:46:02',NULL),(77,'2026-05-25 05:43:02',NULL,4,'CONFIRMADO',144300.00,3,'2026-05-25 08:29:02','2026-06-17 21:46:02',NULL),(78,'2026-06-14 06:26:02',NULL,4,'CONFIRMADO',52500.00,2,'2026-06-14 08:51:02','2026-06-17 21:46:02',NULL),(79,NULL,NULL,9,'CARRITO',110200.00,NULL,'2026-06-17 19:46:02','2026-06-17 21:46:02',NULL),(80,'2026-04-07 23:16:02','2026-04-08 12:16:02',7,'DESPACHADO',55900.00,3,'2026-04-08 02:00:02','2026-06-17 21:46:02',NULL),(81,'2026-05-23 20:24:02',NULL,4,'CONFIRMADO',41400.00,2,'2026-05-23 22:58:02','2026-06-17 21:46:02',NULL),(82,'2026-03-19 12:11:02',NULL,2,'CONFIRMADO',113400.00,1,'2026-03-19 14:42:02','2026-06-17 21:46:02',NULL),(83,'2026-03-22 12:44:02','2026-03-23 05:44:02',6,'DESPACHADO',27000.00,1,'2026-03-22 15:05:02','2026-06-17 21:46:02',NULL),(84,'2026-04-18 13:14:02',NULL,4,'CONFIRMADO',96000.00,2,'2026-04-18 15:30:02','2026-06-17 21:46:02',NULL),(85,'2026-03-22 04:29:02','2026-03-23 04:29:02',5,'DESPACHADO',77000.00,2,'2026-03-22 06:55:02','2026-06-17 21:46:02',NULL),(86,'2026-06-05 22:21:02',NULL,2,'CONFIRMADO',152400.00,1,'2026-06-06 00:36:02','2026-06-17 21:46:02',NULL),(87,'2026-04-09 06:13:02',NULL,7,'CONFIRMADO',107100.00,3,'2026-04-09 08:41:02','2026-06-17 21:46:02',NULL),(88,'2026-05-23 19:45:02','2026-05-24 06:45:02',8,'DESPACHADO',70000.00,2,'2026-05-23 22:10:02','2026-06-17 21:46:03',NULL),(89,'2026-06-16 08:37:03','2026-06-17 19:37:03',7,'DESPACHADO',55700.00,1,'2026-06-16 11:31:03','2026-06-17 21:46:03',NULL),(90,'2026-04-30 09:52:03',NULL,4,'CONFIRMADO',52900.00,2,'2026-04-30 12:21:03','2026-06-17 21:46:03',NULL),(91,'2026-05-30 23:26:03','2026-05-31 09:26:03',7,'DESPACHADO',148400.00,1,'2026-05-31 02:19:03','2026-06-17 21:46:03',NULL),(92,'2026-04-08 11:24:03',NULL,8,'CONFIRMADO',80500.00,3,'2026-04-08 13:44:03','2026-06-17 21:46:03',NULL),(93,'2026-04-19 00:09:03',NULL,6,'CONFIRMADO',67800.00,3,'2026-04-19 03:03:03','2026-06-17 21:46:03',NULL),(94,'2026-06-14 14:37:03',NULL,9,'CONFIRMADO',70500.00,2,'2026-06-14 17:12:03','2026-06-17 21:46:03',NULL),(95,'2026-03-23 20:57:03',NULL,6,'CONFIRMADO',82900.00,3,'2026-03-23 23:26:03','2026-06-17 21:46:03',NULL),(96,'2026-05-19 06:42:03',NULL,4,'CONFIRMADO',46900.00,3,'2026-05-19 09:35:03','2026-06-17 21:46:03',NULL),(97,'2026-04-11 14:28:03',NULL,6,'CONFIRMADO',114300.00,3,'2026-04-11 16:44:03','2026-06-17 21:46:03',NULL),(98,'2026-05-31 00:23:03','2026-05-31 20:23:03',6,'DESPACHADO',27400.00,2,'2026-05-31 03:15:03','2026-06-17 21:46:03',NULL),(99,'2026-06-01 13:08:03','2026-06-03 04:08:03',5,'DESPACHADO',66800.00,1,'2026-06-01 15:46:03','2026-06-17 21:46:03',NULL),(100,'2026-05-17 11:03:03','2026-05-19 06:03:03',3,'DESPACHADO',49500.00,1,'2026-05-17 13:37:03','2026-06-17 21:46:03',NULL),(101,'2026-05-27 22:03:03','2026-05-28 04:03:03',4,'DESPACHADO',76600.00,3,'2026-05-28 00:32:03','2026-06-17 21:46:03',NULL),(102,'2026-04-23 19:56:03','2026-04-25 07:56:03',9,'DESPACHADO',127100.00,2,'2026-04-23 22:44:03','2026-06-17 21:46:03',NULL),(103,'2026-03-18 20:48:03','2026-03-19 12:48:03',3,'DESPACHADO',67500.00,2,'2026-03-18 23:09:03','2026-06-17 21:46:03',NULL),(104,'2026-05-21 23:26:03','2026-05-22 14:26:03',9,'DESPACHADO',44000.00,1,'2026-05-22 01:44:03','2026-06-17 21:46:03',NULL),(105,'2026-03-31 19:19:03','2026-04-01 01:19:03',6,'DESPACHADO',93600.00,1,'2026-03-31 21:46:03','2026-06-17 21:46:03',NULL),(106,'2026-06-03 09:58:03','2026-06-04 07:58:03',2,'DESPACHADO',216000.00,3,'2026-06-03 12:26:03','2026-06-17 21:46:03',NULL),(107,'2026-06-08 04:16:03',NULL,4,'CONFIRMADO',75900.00,1,'2026-06-08 06:38:03','2026-06-17 21:46:03',NULL),(108,NULL,NULL,4,'CARRITO',151300.00,NULL,'2026-06-15 10:46:03','2026-06-17 21:46:03',NULL),(109,'2026-04-29 11:27:03','2026-05-01 09:27:03',2,'DESPACHADO',128100.00,3,'2026-04-29 13:46:03','2026-06-17 21:46:03',NULL),(110,'2026-06-11 09:16:03','2026-06-13 08:16:03',5,'DESPACHADO',101900.00,1,'2026-06-11 11:51:03','2026-06-17 21:46:03',NULL),(111,'2026-06-15 12:34:03','2026-06-16 02:34:03',2,'DESPACHADO',21000.00,3,'2026-06-15 15:02:03','2026-06-17 21:46:03',NULL),(112,NULL,NULL,4,'CARRITO',69200.00,NULL,'2026-06-17 08:46:03','2026-06-17 21:46:03',NULL),(113,'2026-05-29 08:09:03','2026-05-30 20:09:03',8,'DESPACHADO',43200.00,3,'2026-05-29 11:03:03','2026-06-17 21:46:04',NULL),(114,'2026-06-11 15:58:04',NULL,6,'CONFIRMADO',236000.00,3,'2026-06-11 18:51:04','2026-06-17 21:46:04',NULL),(115,'2026-03-21 17:02:04',NULL,4,'CONFIRMADO',118200.00,1,'2026-03-21 19:57:04','2026-06-17 21:46:04',NULL),(116,'2026-05-16 09:16:04',NULL,7,'CONFIRMADO',16200.00,1,'2026-05-16 12:11:04','2026-06-17 21:46:04',NULL),(117,'2026-04-07 21:59:04','2026-04-09 21:59:04',7,'DESPACHADO',49000.00,1,'2026-04-08 00:51:04','2026-06-17 21:46:04',NULL),(118,'2026-05-04 11:53:04',NULL,9,'CONFIRMADO',73500.00,2,'2026-05-04 14:38:04','2026-06-17 21:46:04',NULL),(119,'2026-03-21 08:57:04',NULL,9,'CONFIRMADO',110000.00,1,'2026-03-21 11:50:04','2026-06-17 21:46:04',NULL),(120,NULL,NULL,6,'CARRITO',38400.00,NULL,'2026-06-16 09:46:04','2026-06-17 21:46:04',NULL);
/*!40000 ALTER TABLE `ventas` ENABLE KEYS */;
UNLOCK TABLES;

--
-- Dumping routines for database 'ecommerce_grupo7'
--
/*!40103 SET TIME_ZONE=@OLD_TIME_ZONE */;

/*!40101 SET SQL_MODE=@OLD_SQL_MODE */;
/*!40014 SET FOREIGN_KEY_CHECKS=@OLD_FOREIGN_KEY_CHECKS */;
/*!40014 SET UNIQUE_CHECKS=@OLD_UNIQUE_CHECKS */;
/*!40101 SET CHARACTER_SET_CLIENT=@OLD_CHARACTER_SET_CLIENT */;
/*!40101 SET CHARACTER_SET_RESULTS=@OLD_CHARACTER_SET_RESULTS */;
/*!40101 SET COLLATION_CONNECTION=@OLD_COLLATION_CONNECTION */;
/*!40111 SET SQL_NOTES=@OLD_SQL_NOTES */;

-- Dump completed on 2026-06-17 21:15:05
